Date,Open,High,Low,Close,Volume
2010-01-04,36.12613443754829,36.467484331722005,35.9649434414482,36.458003997802734,1728500
2010-01-05,36.45800134124559,36.97950647842532,36.24939783954681,36.94157791137695,1510300
2010-01-06,36.83727448117292,38.21215422892609,36.78986558305738,38.16474533081055,2579500
2010-01-07,38.36386805000773,39.76719252942465,38.34490376577769,39.6723747253418,3467400
2010-01-08,39.47325105155176,39.89993835957837,39.27412789642801,39.577552795410156,1917700
2010-01-11,39.79563330153445,40.032681384355946,39.122413997350705,39.16982650756836,1510500
2010-01-12,38.790549016153356,39.245680911540724,38.24059933229367,39.0560417175293,1558400
2010-01-13,39.01812807166167,39.274136898088045,37.946669389719546,38.80952453613281,1592400
2010-01-14,38.80003662059313,39.217243649030124,38.57247243877973,38.96123123168945,1056700
2010-01-15,38.78108203583464,39.169840889721435,37.96563575278722,38.183719635009766,1556700
2010-01-19,38.231120621688454,38.48713302612305,37.96562788393433,38.48713302612305,1488100
2010-01-20,38.11734436739035,38.164753275374764,37.54842662037388,38.06045150756836,2065900
2010-01-21,38.00355686564057,38.21215675454973,37.330337446462124,37.832881927490234,3164200
2010-01-22,37.65271360739136,38.34489352003455,37.15017286930972,37.60530471801758,3511300
2010-01-25,37.81391779967134,38.193192628296465,37.501012539414965,37.88029098510742,2594600
2010-01-26,38.96123039537023,38.96123039537023,36.87520614916502,36.92261505126953,2359800
2010-01-27,37.491536112533005,37.83288602581106,36.75194342807465,37.377750396728516,2451100
2010-01-28,37.633756905765644,37.681169421752315,35.91753089223517,36.10717010498047,2287400
2010-01-29,36.21147396511156,37.15966656179278,35.72789733231392,35.83219909667969,1793000
2010-02-01,36.07871669196856,36.39162189063297,35.95545067882198,36.32524871826172,1852000
2010-02-02,35.29172704709294,35.936498255452136,34.89348430448641,35.41498947143555,3222000
2010-02-03,35.89856522906705,36.457998895770295,35.42446902396488,35.62358856201172,1871600
2010-02-04,35.24431152446715,35.44343468734021,34.29611907731463,34.30560302734375,1750000
2010-02-05,34.34353828530577,34.419391814983435,33.205706403598086,34.06856155395508,2339900
2010-02-08,34.14441237969547,34.9408942721097,33.55653400724397,34.3530158996582,1974000
2010-02-09,34.83659265960918,35.187422857913575,34.305603578528256,34.79866409301758,1783800
2010-02-10,34.81762365822502,34.931405725514196,34.20129719436412,34.4099006652832,1326100
2010-02-11,34.37198083031656,34.950378879571325,34.19182554328131,34.89348602294922,1506000
2010-02-12,34.457313402187495,34.67539722926289,34.01166179808246,34.60902404785156,1314500
2010-02-16,35.08312192348457,36.3726642810245,34.940891603994885,36.28732681274414,2295400
2010-02-17,36.59073710004823,36.79934054126635,36.21145877366368,36.732967376708984,1343100
2010-02-18,36.58126525772369,37.39670769964963,36.58126525772369,37.32085418701172,980800
2010-02-19,37.08379752875786,37.45359190810732,36.84674947870655,37.28291702270508,1383800
2010-02-22,37.46307223860025,37.62426679350956,37.08379752875786,37.28291702270508,889600
2010-02-23,37.102771380068305,37.2260337936115,36.5528180258585,36.856239318847656,1764600
2010-02-24,36.79936379637476,37.65273514442296,36.79936379637476,37.4251708984375,1708800
2010-02-25,36.84675517190679,37.40618880114875,36.4485125054136,37.35877990722656,1317400
2010-02-26,37.207078264075115,37.43464245669807,36.7045337393198,36.78987121582031,1861400
2010-03-01,36.894176922669374,37.65273034096437,36.894176922669374,37.387237548828125,1188500
2010-03-02,37.58635567152209,37.88977702696194,37.482053902389424,37.804439544677734,1474400
2010-03-03,37.88029543739407,38.6862577078857,37.81392224415677,38.22164535522461,1652400
2010-03-04,38.259559751920364,38.458682893747024,37.956138490267136,38.10784912109375,951700
2010-03-05,38.28801293223531,39.293094635009766,38.28801293223531,39.293094635009766,1835500
2010-03-08,39.75771885513728,40.74384009786757,39.68186170551127,39.83357238769531,1969800
2010-03-09,40.649011128374745,41.246373411247525,40.193879166160784,40.63004684448242,2269400
2010-03-10,40.649007670147704,41.018802131919465,40.51626131126215,40.67745590209961,1365700
2010-03-11,40.50678605122513,41.12310902566973,40.184400446245625,41.00932693481445,1169800
2010-03-12,41.19896728643078,41.42653147433956,40.8955459578407,41.293785095214844,888900
2010-03-15,41.29378239168077,41.37911986082635,40.51626483593991,41.18000030517578,997100
2010-03-16,41.23689227757554,41.72046884770987,41.01880482557971,41.69202423095703,1104200
2010-03-17,41.86271153206945,42.70660250432075,41.86271153206945,42.128204345703125,1885200
2010-03-18,42.014414592115116,42.128196689126206,41.161039821862786,41.578243255615234,1184700
2010-03-19,40.867095947265625,41.91959021758441,40.7533138582512,40.867095947265625,1686800
2010-03-22,40.71539415098258,41.35068515513692,40.51627454760348,41.15156555175781,854300
2010-03-23,41.25584125693832,42.071287132144775,41.10413064878824,41.94802474975586,1112200
2010-03-24,42.573847486412916,43.74012390378331,42.573847486412916,43.58841323852539,3428500
2010-03-25,43.72116200578213,43.90131730027924,42.95312468637659,43.05742645263672,1594900
2010-03-26,43.13327683012795,43.23757496295544,42.31783073138814,42.54539489746094,1256900
2010-03-29,42.71607074186645,43.370325871685026,42.611768989746544,43.28498840332031,1140900
2010-03-30,43.24706569883081,43.49359418693568,42.801414012834876,43.05742645263672,1231300
2010-03-31,42.85829223703273,43.15222953204868,42.668653055594554,42.84880828857422,1030700
2010-04-01,43.16172885110881,43.683234072980476,43.076391369924885,43.39877700805664,1052200
2010-04-05,43.58840625122682,43.99612927694891,43.408247378378874,43.77804183959961,1168800
2010-04-06,43.50307813863266,43.86338872762687,42.9341604000504,43.05742645263672,2614800
2010-04-07,42.81089700313023,43.32291825416773,41.59720802498449,42.07130432128906,2786600
2010-04-08,41.8058066447616,42.12819223308292,41.55927819113579,41.9859619140625,1845700
2010-04-09,42.06182208904002,45.77873514816799,41.891147140705826,45.14344787597656,9764800
2010-04-12,44.90640566740953,44.90640566740953,44.034066525520984,44.31852722167969,2165900
2010-04-13,44.29007655052258,45.02018530425251,44.20473906977316,44.89691925048828,2009200
2010-04-14,45.11500042424253,45.456346682410796,44.67882912973748,45.3804931640625,1215800
2010-04-15,45.22878266612867,45.740807480746135,45.039143444003614,45.42790222167969,956300
2010-04-16,45.2951565722862,45.32360119008416,43.853903525089244,44.47023010253906,1783500
2010-04-19,44.28059260097126,44.74520492273687,43.72115885440935,44.34696578979492,1383500
2010-04-20,44.77364861592042,45.3710072547246,44.33747734024691,45.10551452636719,1065000
2010-04-21,45.19085350338601,45.83562467988288,44.94432504981592,45.636505126953125,1122600
2010-04-22,45.23826354611079,46.366614942000275,44.48919059905374,46.3192024230957,1203000
2010-04-23,46.36661940329969,46.87864065630155,45.97786058352117,46.66055679321289,1276200
2010-04-26,47.03983235269128,47.12516982572827,45.702881019823394,46.148529052734375,1837500
2010-04-27,44.36592586468411,48.05439393815954,43.69271008931843,45.00121307373047,3841600
2010-04-28,45.38049369496857,46.61314322335429,45.38049369496857,45.87355422973633,1745200
2010-04-29,46.59417830789372,47.42858871058362,46.31920161812233,47.38117980957031,1557700
2010-04-30,47.523411272602814,47.59926841547586,45.62702610558838,45.72184753417969,1808100
2010-05-03,46.13904609871798,46.73640837605379,45.66494985700609,46.58469772338867,1600700
2010-05-04,45.85459404140001,46.224388571239096,43.81597853450804,44.071990966796875,2904700
2010-05-05,43.61685366834349,43.986648153322605,42.68762548076163,43.34187698364258,2166200
2010-05-06,43.019492694090914,43.92976024267847,39.01812280538305,41.97648239135742,2277300
2010-05-07,41.61616982718003,41.95751971887797,39.25517243804841,40.15595245361328,3259500
2010-05-10,42.09026111997695,43.43669624284697,41.94803442662614,42.820369720458984,2322300
2010-05-11,42.17559852924791,43.48410508540231,41.67305770265929,42.4221305847168,2478000
2010-05-12,42.678135395901904,44.44177371728054,42.668655064063685,44.37540054321289,1892800
2010-05-13,44.29006718777186,44.963282939664346,43.82545492629504,44.27110290527344,2018500
2010-05-14,43.92975675006606,43.93923708279871,42.83933401539217,43.721153259277344,2590300
2010-05-17,43.78752319001829,44.30902826122077,42.32730609699793,43.51254653930664,1998100
2010-05-18,44.034055167400474,44.75468344009098,42.55487729083999,42.716068267822266,1434300
2010-05-19,42.374716593595544,42.59280040917876,40.09905702855319,40.838645935058594,3342300
2010-05-20,39.824081204138764,39.909418665687454,38.40179258970524,38.6767692565918,2706200
2010-05-21,38.069930110357845,40.10854180379346,37.92769978932097,39.880977630615234,2312100
2010-05-24,39.757711112867845,39.786155729904415,38.61039907620754,38.68625259399414,1450300
2010-05-25,37.92769571631267,38.553502550949155,37.29240854925656,38.53453826904297,2654500
2010-05-26,38.99916283982944,39.61548586257646,38.27853443477823,38.373355865478516,1447100
2010-05-27,39.406884990290386,40.260256143421586,39.23621003625062,40.2318115234375,1544700
2010-05-28,40.27921926667171,40.27921926667171,39.226724952823226,39.596519470214844,1125600
2010-06-01,39.264653796464756,39.72926974274779,38.041484524985776,38.14578628540039,1309000
2010-06-02,38.61039640595071,40.3740348815918,37.99406988762296,40.3740348815918,3501100
2010-06-03,40.99984081904462,41.64460832100825,40.60159813161188,41.43600845336914,3806800
2010-06-04,39.92839214211052,40.108547439278425,37.975114026369276,38.06045150756836,2686000
2010-06-07,37.66221011457648,37.92770287725563,36.429556877411585,36.54334259033203,2190700
2010-06-08,36.723490551477724,37.45359912027542,36.37266038262349,37.33981704711914,2044900
2010-06-09,37.70012917308121,38.85692508740385,37.33033470658582,37.5673828125,1552500
2010-06-10,38.544027366929136,39.06553252927349,38.278531001846574,39.018123626708984,1279500
2010-06-11,38.42076222965845,38.86641388178779,37.94666595873532,38.70521926879883,1649300
2010-06-14,39.51116880248309,39.81459364619987,38.54401590320129,38.66727828979492,1207400
2010-06-15,39.07500475490822,39.700811543280224,38.64831748623035,39.62495803833008,1453100
2010-06-16,39.31205960051478,40.07061286588301,39.226722132094146,39.63444519042969,1212100
2010-06-17,39.75770782157856,39.805116718403916,38.762106519978275,39.3784294128418,1104800
2010-06-18,39.43533101376921,39.539632780179765,39.11294537989463,39.463775634765625,1166100
2010-06-21,40.04217855107202,40.62057669506278,39.28362509053832,39.501708984375,1132500
2010-06-22,39.51117610671724,40.013720545126304,38.41127305250923,38.52505874633789,758100
2010-06-23,38.65781339097283,38.686258011993054,37.41567976178474,38.316463470458984,1260200
2010-06-24,38.14578057868428,38.31645550345337,37.207072109521334,37.32085418701172,1096400
2010-06-25,37.519978840860446,37.804435881891415,36.941580807759216,37.45360565185547,1890000
2010-06-28,37.07432314711692,37.24499807655671,36.57178230880371,36.856239318847656,1045400
2010-06-29,36.325258515162254,36.46748522985913,34.64695723885255,34.99778747558594,1971700
2010-06-30,34.713314753084624,35.528760570546254,34.485747048441354,34.552120208740234,1442200
2010-07-01,34.11597618914545,34.220277974895616,33.101410192051304,33.99271011352539,2248800
2010-07-02,33.98322601976436,34.20130990355293,33.19622435398694,33.59446716308594,1467300
2010-07-06,34.26767093511508,34.91244202219528,33.755646198245486,34.201297760009766,1260900
2010-07-07,34.18233548053661,35.43394916590673,34.059069455094516,35.37705993652344,1271300
2010-07-08,35.56669870138606,35.822711107683716,34.91244718555913,35.43395233154297,1646900
2010-07-09,35.547736708263194,36.08820611792555,35.14949399652573,36.00286865234375,821000
2010-07-12,35.746858407434836,35.927013682477956,35.23483358312191,35.42447280883789,825400
2010-07-13,35.87012563590237,36.856243131596635,35.87012563590237,36.65712356567383,846900
2010-07-14,36.420069388287544,36.66659781704815,36.06923921837429,36.48644256591797,930800
2010-07-15,36.47696693427821,36.52437583625701,35.14001564289874,35.77530288696289,1395900
2010-07-16,35.37706067007229,35.41498561809187,34.26767365222406,34.31508255004883,1301800
2010-07-19,34.80814277746534,34.83659100959521,34.08751813169271,34.61850357055664,715700
2010-07-20,34.115967062824886,35.72789509987607,34.115967062824886,35.661521911621094,929600
2010-07-21,35.8511632186441,35.879607838952744,34.836597434202204,35.03571701049805,1116800
2010-07-22,35.7184014260033,36.80882399405433,35.7184014260033,36.59074020385742,879100
2010-07-23,36.59074228871147,37.32085081944002,36.31576564394357,37.26395797729492,753200
2010-07-26,37.72858271029048,37.92770227915986,37.055366862931606,37.89925765991211,1202800
2010-07-27,37.121730693623995,37.121730693623995,34.95984974914772,35.168453216552734,3992200
2010-07-28,35.20639033276717,35.26327957074455,33.76513722523719,34.25819778442383,3173300
2010-07-29,34.45731283355553,34.4952413986124,34.059070134592424,34.115962982177734,2225300
2010-07-30,33.7746087417059,34.83658672288947,33.48067144338061,34.675392150878906,2389900
2010-08-02,35.320175141904315,35.756342879587265,34.94089664657352,35.718414306640625,1651200
2010-08-03,35.50980434181206,35.76581671115961,35.04518849735167,35.30120086669922,1515300
2010-08-04,35.33913625107943,35.62359328846844,34.94089350508084,35.111568450927734,1318000
2010-08-05,34.88399463279397,35.25378904096826,34.46678771726074,34.6374626159668,1774700
2010-08-06,34.23922209366529,34.83658421290769,33.85046342303021,34.808135986328125,1392900
2010-08-09,35.00726225078876,35.064155097873815,34.45731253056803,34.92192840576172,1330500
2010-08-10,34.37197198599415,34.76073069687721,34.068550729552086,34.56161117553711,1352500
2010-08-11,33.88840565030413,33.88840565030413,33.27207900375076,33.32897186279297,1768700
2010-08-12,33.17725703951703,33.56601581834629,32.85487144606834,33.28155517578125,1237400
2010-08-13,33.18673691814339,33.66083315983115,33.14880835071222,33.33844757080078,805000
2010-08-16,33.15828357232669,33.660824298762485,32.949680123436515,33.25310134887695,958300
2010-08-17,33.641874625523066,34.50472978817434,33.461719325037336,33.81254959106445,1293000
2010-08-18,33.72719169551648,34.47626430013338,33.575481108751795,34.18232345581055,1147900
2010-08-19,33.98321960428785,34.1349302607641,33.63238938938663,33.926326751708984,1369400
2010-08-20,33.63238651665399,33.90735957129638,33.395338410090744,33.56601333618164,1481600
2010-08-23,33.85995317729809,34.1728584372927,33.272074842327164,33.28155517578125,628100
2010-08-24,32.98762240273082,33.44275443021257,32.608343904628796,33.27207946777344,1812600
2010-08-25,32.86434347661824,33.39533244258005,32.712632860210064,33.243621826171875,1234400
2010-08-26,33.44275203007101,33.76513764520021,32.902282560158476,33.053993225097656,1181900
2010-08-27,33.27207365477725,33.72720560274245,32.93072378953655,33.698760986328125,1100000
2010-08-30,33.584973882392426,33.93580768314813,32.99709559298253,33.01605987548828,1000200
2010-08-31,32.73159779121517,33.17724931825549,32.617815730909776,32.88330841064453,1240800
2010-09-01,33.41430122156857,34.19181868749971,33.41430122156857,34.134925842285156,1320100
2010-09-02,34.28664275085584,35.0451960738038,34.172860656680534,34.90296936035156,1014800
2010-09-03,35.215867512075896,35.54773704450744,34.732290947249666,35.196903228759766,757600
2010-09-07,34.912443267527095,35.642551836795306,34.912443267527095,35.386539459228516,1545300
2010-09-08,35.424464594191235,35.50980204512099,34.99777733954245,35.130523681640625,1008200
2010-09-09,35.54774492451091,35.59515383477696,34.7702236044621,35.04520034790039,600600
2010-09-10,35.14949174496899,35.51928619977997,34.89347936462287,34.9314079284668,797800
2010-09-13,35.25378969233172,35.46239315395258,34.81762210627588,35.130523681640625,1500600
2010-09-14,35.07363347123663,35.07363347123663,34.53316055252592,34.54264450073242,1151300
2010-09-15,34.46680278347952,34.76074381908744,34.17286536493966,34.39094924926758,1551300
2010-09-16,34.30560235089009,34.48575761015252,33.727204390801425,34.16337203979492,1110100
2010-09-17,34.41938254431689,34.4952396706307,33.87891317906499,34.239227294921875,972300
2010-09-20,34.50472770732059,35.045197193251944,34.2771635117009,34.98830795288086,987900
2010-09-21,35.0072681144324,35.405510876598534,34.84607711295947,35.09260559082031,1061200
2010-09-22,35.083125605953725,35.55722189792608,34.84607745996755,35.140018463134766,1009700
2010-09-23,34.808140896854596,35.13052644606147,34.542648191766645,34.694358825683594,1106000
2010-09-24,35.22535340389106,35.6425568086407,35.1589802171597,35.47188186645508,871800
2010-09-27,35.471882378017376,36.220955344294076,35.1684610579932,35.76582336425781,1165700
2010-09-28,35.89857132332739,35.91753560879895,35.244316134294984,35.79426956176758,1063100
2010-09-29,35.71840902674323,36.85624072747345,35.576182324818994,36.63815689086914,1509200
2010-09-30,36.99847827918387,37.24500678095267,36.41059983875982,36.6950569152832,1391000
2010-10-01,37.0174313853039,37.576865034216915,36.951058208065646,36.988983154296875,1502800
2010-10-04,36.91314321608089,37.093298532381645,36.17355404518829,36.363189697265625,922700
2010-10-05,36.74245324297032,38.041475738394716,36.74245324297032,37.86132049560547,1536700
2010-10-06,37.79494900796083,38.3069737634574,37.69064726698188,38.2406005859375,1343800
2010-10-07,38.43972188649242,38.43972188649242,37.42515627823361,37.61479187011719,2142300
2010-10-08,37.709618575546166,38.30698090160504,37.57687219577032,38.14578628540039,685700
2010-10-11,38.19319596867838,38.30698168257823,37.66221043874968,37.78547286987305,684500
2010-10-12,37.67169315380629,37.88029669207163,37.02692186922966,37.804439544677734,647400
2010-10-13,38.03200232226959,38.7052181392373,37.899255949015945,38.42076110839844,994700
2010-10-14,38.47765146402236,38.581949595475535,37.501010778205135,37.85184097290039,1031400
2010-10-15,38.079405948235326,38.079405948235326,37.15965817946589,37.33981704711914,1181600
2010-10-18,37.4156793064569,37.785473843490784,37.045884769423026,37.62428283691406,1120600
2010-10-19,37.05536471751394,37.33033779414622,36.42955419375589,36.62867736816406,1239500
2010-10-20,36.7709025426782,37.42515765680431,36.7709025426782,37.19758987426758,817100
2010-10-21,37.42516037236487,37.71909774217998,37.03640157916791,37.31137466430664,775700
2010-10-22,37.45360370694018,37.52946084304529,37.007952074990996,37.178627014160156,536700
2010-10-25,37.46309128405974,37.6716948316158,36.97951460762383,37.036407470703125,921300
2010-10-26,36.78038931019577,37.20707667446889,36.505412606878934,37.159664154052734,767700
2010-10-27,36.84674799967655,36.84674799967655,35.794254120965284,36.09767532348633,1312300
2010-10-28,36.29679621624689,36.91312259235524,36.21145877366368,36.732967376708984,1096300
2010-10-29,36.64763925906193,36.88468736910226,36.44851609765705,36.609710693359375,957600
2010-11-01,36.818322950762436,37.36827281607433,36.66660865184277,36.8941764831543,676900
2010-11-02,37.33034167755186,37.719100499164185,37.20707924374707,37.576873779296875,795700
2010-11-03,37.61479297666618,37.643241209939255,36.799350503203804,37.50101089477539,741800
2010-11-04,37.89925893393209,38.999162192319325,37.8802946481069,38.98019790649414,1225600
2010-11-05,38.96122239686811,40.35506625841102,38.79054749067646,40.27920913696289,1901000
2010-11-08,40.013722785951465,40.601601102053536,39.96631388606806,40.544708251953125,1236200
2010-11-09,40.611088411019054,40.98088292458763,40.07061533303324,40.40248489379883,1105600
2010-11-10,40.4783328774617,40.554190006822495,39.94734744020424,40.5257453918457,794600
2010-11-11,40.04217258548442,40.54471350001784,39.96631905926601,40.326629638671875,965700
2010-11-12,40.05165816489504,40.345595564406985,39.40688688902625,39.558597564697266,971500
2010-11-15,39.6818498565085,40.20335856179486,39.6818498565085,39.89045333862305,1064100
2010-11-16,39.1129405080069,39.48273500317001,37.64324286081647,37.88029098510742,2188300
2010-11-17,37.956141838621676,38.885369986541185,37.88028832505022,38.16474533081055,1463600
2010-11-18,38.68624752126116,39.95682542692089,38.58194578304728,38.752620697021484,1844500
2010-11-19,38.7715860060967,39.01811805151366,38.00355248991875,38.2406005859375,1522100
2010-11-22,38.08888792209778,38.08888792209778,36.96054024009043,37.5673828125,2881400
2010-11-23,37.20707058472756,37.27344376196581,36.50540663198007,36.988983154296875,2702700
2010-11-24,37.53894520717184,37.80443797791166,37.31137739148934,37.576873779296875,985800
2010-11-26,37.10278002710086,37.29241928368247,36.8846961480058,36.8941764831543,548400
2010-11-29,36.3537016381543,37.074326367328986,35.45291801388536,36.865726470947266,1819000
2010-11-30,36.42007558151676,36.80883438106061,36.183027444793254,36.50541305541992,1158800
2010-12-01,37.169144961926065,37.453601975031866,37.10277177943696,37.3018913269043,1005900
2010-12-02,37.26396031786381,38.72417747103791,37.13121396158743,38.53453826904297,1566200
2010-12-03,38.32593428408789,39.18879282273768,38.09837013832255,39.141380310058594,1133700
2010-12-06,39.23620779373085,39.71978439115992,39.15087032158837,39.51118087768555,1223100
2010-12-07,39.93786376352603,40.00423694363696,39.22671944770864,39.520660400390625,1020100
2010-12-08,39.61548344895447,39.91890477457358,39.53962992608345,39.70082092285156,1018800
2010-12-09,39.94735366885338,40.11802861946003,39.70082157705819,40.042171478271484,918000
2010-12-10,40.19386724121,40.8291579033857,39.966303136151716,40.63951873779297,765100
2010-12-13,40.81968719276409,41.094663891189924,40.67746048524782,40.71538543701172,1004600
2010-12-14,40.83865198073119,41.25585539181752,40.49730209117535,40.611087799072266,846100
2010-12-15,40.667975520368636,40.94295221193737,39.805120494844275,39.880977630615234,984400
2010-12-16,39.86200582019811,40.2792091369629,39.63443807292037,40.27920913696289,781400
2010-12-17,40.222332392190644,41.331719726394866,40.05166103476577,41.26534652709961,1463600
2010-12-20,41.369639239969125,41.7394337313416,41.25585353718738,41.483421325683594,1405900
2010-12-21,41.710998358478534,41.91011795687602,41.60669658301278,41.862709045410156,878600
2010-12-22,42.06182019592689,45.48479572547097,41.985963059162515,43.9202766418457,4111300
2010-12-23,43.89182234442546,43.97715979593183,42.78243547484258,43.446170806884766,1433900
2010-12-27,43.19964902342494,43.436697134274816,42.953116962583486,43.40824890136719,478900
2010-12-28,43.45566635551897,43.77804835052604,43.09535217330205,43.49359130859375,585000
2010-12-29,43.62633184661563,43.95820136533106,43.58840689861799,43.721153259277344,454900
2010-12-30,43.56945195456605,43.806500111427596,43.4935948081778,43.597896575927734,318600
2010-12-31,43.44618764068242,43.72116438175372,43.33240553360973,43.474632263183594,491200
2011-01-03,43.81598416786435,44.92537151708157,43.541007414452515,44.54609298706055,1109200
2011-01-04,44.565053015508184,44.602981588298505,43.5884157770981,43.654788970947266,1286700
2011-01-05,43.52203281958693,43.664259510042044,42.95311520656557,43.13327407836914,1276300
2011-01-06,43.13327613545817,43.60737236038616,43.047938670288445,43.30394744873047,1198600
2011-01-07,43.37980695457982,43.71167288336169,42.59280544194375,42.92467498779297,857100
2011-01-10,43.26603030546279,43.569451654792495,42.97208929083248,43.50307846069336,1768500
2011-01-11,43.778046998308106,44.71675918646398,43.503073915938536,44.65986633300781,1914600
2011-01-12,44.944327116025015,46.26231414658084,44.944327116025015,46.15801239013672,2268700
2011-01-13,46.03475268281764,46.46144010103666,45.69340274824242,46.22439193725586,1367800
2011-01-14,46.18645914296804,52.8427714078039,46.18645914296804,48.37678527832031,2964000
2011-01-18,48.08284553806895,48.547461500294986,47.68460638507609,48.5095329284668,1203200
2011-01-19,48.41471641188682,48.74658238159731,46.96397924570208,47.49496841430664,1498500
2011-01-20,47.57080885913739,47.5992570894795,46.33815951729406,46.76484680175781,1499500
2011-01-21,47.27687707369001,47.74148935785018,46.68899875580548,47.14413070678711,1267100
2011-01-24,47.37170093113393,48.33885780703984,47.07776354313969,47.713050842285156,1211300
2011-01-25,45.89252204283859,46.963977047506376,45.589100708428724,46.92605209350586,2682400
2011-01-26,48.42418380328179,50.367977428604014,48.42418380328179,50.263675689697266,4299200
2011-01-27,50.12145766279955,50.12145766279955,48.59486711234438,49.40082931518555,1143200
2011-01-28,49.505126459165126,49.78010313505487,47.32428456904282,47.362213134765625,1582000
2011-01-31,47.475995412361094,49.00258582691727,47.16309378651402,48.70864486694336,1351600
2011-02-01,49.40082114948547,49.94129051232546,49.287039077589384,49.80854415893555,1175500
2011-02-02,49.419795376203695,49.86544703832422,49.09740976006562,49.42927932739258,909000
2011-02-03,49.19223989803109,49.381879167648485,48.30093641594982,49.16379165649414,784500
2011-02-04,49.29653117532986,49.49565073832815,48.84139557838026,49.40082931518555,1278300
2011-02-07,49.43875058417913,50.424871536844165,49.43875058417913,50.197303771972656,782600
2011-02-08,50.140417067654944,50.2541991472851,49.46719768859768,50.06455993652344,1193600
2011-02-09,49.75166620169636,49.827519727787795,48.32937732107215,48.81295394897461,1282600
2011-02-10,48.424202483761356,49.26809343563712,48.376793570624066,49.16379165649414,861800
2011-02-11,48.78450729443813,49.49565170509447,48.718134105475606,49.438758850097656,755700
2011-02-14,49.467200909409804,49.68528836707902,49.13533498176941,49.17326354980469,1072400
2011-02-15,49.00258575786529,49.00258575786529,48.10180221333973,48.11128616333008,1051100
2011-02-16,48.376796104517965,49.13534960565105,48.33886752519421,49.03104782104492,929100
2011-02-17,48.90777127214074,49.400828193012366,48.53797315588597,49.31549072265625,773200
2011-02-18,49.29652136729248,49.30600169918681,48.443146814133705,48.87931442260742,782400
2011-02-22,48.34833531636289,48.34833531636289,46.42350215541473,46.54676818847656,1503400
2011-02-23,46.33816381566607,46.8596689374674,44.72623593431616,45.95888900756836,2287900
2011-02-24,45.84510777631849,46.935530642103444,45.465832931269254,46.30024337768555,1274000
2011-02-25,46.51832347119635,47.2199838672673,46.480394904633805,47.096717834472656,879700
2011-02-28,47.25791869015377,47.53289540853466,46.78382239655956,47.466522216796875,906000
2011-03-01,47.599268729740096,47.656157970202834,46.66055647436053,46.9639778137207,1990300
2011-03-02,46.764846600083736,48.01646021773528,46.764846600083736,47.26738739013672,1842700
2011-03-03,47.92165328289112,48.21559066422006,47.6466765699138,48.17766571044922,1698300
2011-03-04,48.10180834163245,48.20611010241185,46.72692840030573,47.03034973144531,2024700
2011-03-07,47.229471892840756,47.238952226765846,45.42790461340337,45.64598846435547,2349200
2011-03-08,46.034749192747825,46.575218675827564,45.49427970966809,46.120086669921875,752900
2011-03-09,45.91147761609164,46.45195065116238,45.51323851527525,46.044227600097656,855000
2011-03-10,45.295144977144254,45.47530020552552,44.612445388219115,44.66933822631836,1308300
2011-03-11,44.6598643719013,46.60366185002205,44.65038403860862,46.537288665771484,1454300
2011-03-14,45.93991986199215,46.83121936460074,45.50375225116668,46.271785736083984,1775400
2011-03-15,44.612460956862385,46.44247295808609,44.612460956862385,46.06319808959961,1334800
2011-03-16,45.83561749224479,46.176967310634595,44.45125755505655,45.02965545654297,1259300
2011-03-17,46.10111303769758,46.38557003158454,45.295150952173366,45.54167938232422,1250800
2011-03-18,46.7932972213138,46.7932972213138,45.97785473068167,46.13904571533203,1004000
2011-03-21,46.945011643327206,47.04931340274539,46.47091536747549,46.84071350097656,1241100
2011-03-22,46.812266320608884,46.812266320608884,45.37101317546599,45.62702560424805,1524700
2011-03-23,45.39945127718367,45.83561889533715,44.868462252648925,45.56064224243164,744100
2011-03-24,45.86406871605167,46.23386320025753,45.36152786490702,46.044227600097656,647900
2011-03-25,46.1580011124256,46.59416869910793,45.911469090689295,46.20541000366211,652200
2011-03-28,46.25282776705247,46.39505808511096,45.73132262928341,45.740806579589844,806300
2011-03-29,46.603665821505444,46.9355317710393,46.24335163553471,46.78382110595703,1434100
2011-03-30,46.9924245489146,48.61383295749266,46.88812278864334,48.433677673339844,1932200
2011-03-31,48.357821790814555,48.822437748549795,48.11129331044958,48.76554489135742,1299900
2011-04-01,49.154295720211245,49.723209731434515,48.60434237457062,48.86983871459961,1316500
2011-04-04,48.936215269681036,49.154299109589914,48.51900825675333,49.1258544921875,975200
2011-04-05,49.040515108978994,49.590464854010484,48.68968129506067,49.249114990234375,1308800
2011-04-06,49.372386626920594,49.77062938555338,48.84139748776608,49.27756881713867,927300
2011-04-07,49.154295720211245,49.42927239303155,48.80346553385913,48.86983871459961,866100
2011-04-08,49.36290705635011,49.36290705635011,47.694086088660036,47.96906280517578,760800
2011-04-11,47.90268685318841,47.90268685318841,46.90708542418509,47.106204986572266,1199800
2011-04-12,46.58469519200229,46.93552537902634,45.69339199109382,45.81665802001953,1392500
2011-04-13,46.15800654111088,46.31919751368613,45.31411587982406,45.48479080200195,1529500
2011-04-14,45.24774635439477,45.75976754520454,45.058107134766175,45.636505126953125,994300
2011-04-15,45.712352309329866,47.17256939591242,45.69338802828852,47.02085876464844,1821800
2011-04-18,46.50884064761352,46.50884064761352,45.38997322638653,45.883033752441406,1375000
2011-04-19,46.10112396739234,47.14413801501245,46.10112396739234,46.698486328125,1261900
2011-04-20,47.58978525468289,47.73201559139888,47.12517290660372,47.656158447265625,1698600
2011-04-21,48.02595393256107,48.708650106513474,47.80786646382165,48.6896858215332,1238000
2011-04-25,48.6896866329425,48.86984553472371,48.11129220820897,48.680206298828125,1444500
2011-04-26,48.48108812758925,49.10689509215307,46.67952076020401,46.9639778137207,2800000
2011-04-27,47.25792427216829,47.476008158933155,46.06320306270249,46.79330825805664,1829400
2011-04-28,46.51832258072696,46.67951355993138,46.02526207605389,46.30971908569336,1516700
2011-04-29,46.309709348029926,47.210492703367436,46.24333618030608,47.039817810058594,1039600
2011-05-02,47.29584477180225,47.58978214343274,46.02526662717787,46.148529052734375,1401200
2011-05-03,45.90199435038404,45.99681214440638,45.45634276093166,45.731319427490234,1571400
2011-05-04,45.65546800086298,45.76925008229985,44.49867205220888,44.75468444824219,1684600
2011-05-05,44.233177055485314,44.97276597250949,43.72115228966843,44.3848876953125,2450800
2011-05-06,45.16241535604042,45.731329479357264,44.356449461429136,44.60298156738281,1501800
2011-05-09,44.6029843683935,45.63651453040879,44.536611170407305,45.31412887573242,1155600
2011-05-10,45.589095804852114,46.15800984141116,45.30463516950536,46.091636657714844,1375000
2011-05-11,45.92096033453318,46.02526208206359,45.12447853719839,45.408935546875,1261100
2011-05-12,45.124478787694365,45.44686436500205,44.337477318917564,44.906394958496094,1185700
2011-05-13,44.73572232296338,45.02966329934279,43.929760146887425,44.17628860473633,1134900
2011-05-16,44.555564915484155,44.555564915484155,43.74959916096256,43.85390090942383,1453800
2011-05-17,43.531524679939295,43.6073818285904,42.80141590097807,43.33240509033203,1883500
2011-05-18,43.63581219580391,44.10990836879126,43.30394270447272,43.96767807006836,1214700
2011-05-19,44.29008115072588,44.80210608840401,44.015104393409686,44.688323974609375,1757900
2011-05-20,44.69779161305821,44.69779161305821,43.75908311104112,43.85390090942383,1401500
2011-05-23,43.34188629173342,43.34188629173342,41.99545442987403,42.223018646240234,2085700
2011-05-24,42.50746937089668,42.64969606849501,41.72046789933071,41.853214263916016,1585600
2011-05-25,41.61617029558993,42.71607350507019,41.54979710668688,42.29887008666992,1456400
2011-05-26,42.23250179161659,42.79193560367418,41.90063219157718,42.58333206176758,1283700
2011-05-27,42.81089639596792,43.40825511655096,42.716074967811196,43.02898025512695,1100200
2011-05-31,43.493585326795696,43.67374420166015,43.09534624627496,43.673744201660156,1188300
2011-06-01,43.47462215932316,43.673745321757465,41.71098724984191,41.75839614868164,1493100
2011-06-02,41.77736359200072,42.56436150006304,41.54979579646098,41.81528854370117,1533900
2011-06-03,41.16102616865374,41.71097941974393,40.933458433048656,41.20843505859375,1364000
2011-06-06,41.0472532209101,41.19896387263421,40.279216011956485,40.44041061401367,1362500
2011-06-07,40.75331589793519,40.75331589793519,40.22232676084645,40.24129104614258,1524600
2011-06-08,40.07060235082856,40.20335230236653,39.719772235858315,39.871482849121094,964200
2011-06-09,39.966316990746876,40.2887025988918,39.71978490489444,40.004241943359375,669100
2011-06-10,39.719784541964266,39.90942377156394,39.112941900899294,39.35947036743164,826500
2011-06-13,39.39739847118367,39.52066451152687,38.75262726840489,39.21724319458008,664800
2011-06-14,39.74822972326903,40.55419555621331,39.587038726920674,40.40248489379883,1361100
2011-06-15,39.89994067509875,40.09906022471104,39.00863744281423,39.046566009521484,973300
2011-06-16,39.05604919261658,39.397399083756056,38.69573863380709,39.00864028930664,1192100
2011-06-17,39.49221905466805,39.69133861148537,38.64832469169815,38.82848358154297,1125300
2011-06-20,38.610399454555555,39.359468774707786,38.43024056604584,39.13190460205078,1023900
2011-06-21,39.41635586234115,39.89045203929216,39.34998268693335,39.75770568847656,1128300
2011-06-22,39.60600342131427,40.136992553788225,39.54911056592035,39.596519470214844,860900
2011-06-23,38.8948663208616,39.82409476465537,38.515587781037596,39.74823760986328,1060300
2011-06-24,39.75771309753773,40.03268979950872,38.71470276070171,38.76211166381836,1485800
2011-06-27,38.67676250015346,39.07500150643437,38.60090538444298,38.86640167236328,674800
2011-06-28,39.12242788675735,39.89994920215206,38.92330829459103,39.83357238769531,780500
2011-06-29,39.96631684006329,40.383520253767735,39.68185618560336,40.15595245361328,834400
2011-06-30,40.33611110640848,41.208446498078054,40.22232539848575,41.00932693481445,1080700
2011-07-01,41.00932343723683,41.28430011566355,40.66797357671637,41.10414123535156,924600
2011-07-05,41.075706979002014,41.123115890016344,40.59213029934697,40.81969451904297,666200
2011-07-06,40.72487162129791,41.10414647920994,40.1749181942842,40.88606262207031,830000
2011-07-07,41.407569885253906,41.68254661252626,41.21793425533843,41.407569885253906,864900
2011-07-08,40.71538077865745,41.30326267707929,40.516261240676016,41.2274055480957,1159900
2011-07-11,40.56367745850313,40.5731614098712,39.45429387490414,39.48273849487305,1298300
2011-07-12,39.397399440710615,40.13699208390296,39.18879954084342,39.25517272949219,1553100
2011-07-13,39.51117995293133,40.146470812249184,39.312060394948396,39.425846099853516,1528300
2011-07-14,39.53014211529719,39.90942054382174,39.0086369888763,39.103458404541016,1251700
2011-07-15,39.16034357227891,39.40687561035156,38.70521167552953,39.40687561035156,1113100
2011-07-18,39.17931908215738,39.236211941956476,38.48713889807358,38.80952453613281,901900
2011-07-19,39.084493336227794,39.32154144502671,38.63884173422435,39.31205749511719,1307300
2011-07-20,39.47325816057263,39.73875092579611,39.169836824012165,39.48273849487305,877700
2011-07-21,39.77667254443615,40.791238139421075,39.56806905561297,40.7248649597168,1112100
2011-07-22,40.56367670245852,40.7153873679111,40.1180286572921,40.592124938964844,940600
2011-07-25,39.84304588075442,41.16103276444449,39.84304588075442,40.772274017333984,1125900
2011-07-26,40.5731566210862,40.93346715505759,38.72418058291859,39.09397506713867,1621600
2011-07-27,38.80003555668632,38.80003555668632,37.49153250447011,37.7759895324707,1431900
2011-07-28,37.861318832271756,38.05095801570464,36.97001937232376,37.13121032714844,1368700
2011-07-29,36.78986949111012,37.557906743609145,36.50541245513296,37.11225509643555,1419400
2011-08-01,37.59581714315676,37.76649200567055,36.26834679406407,36.846744537353516,1330300
2011-08-02,36.56230523358814,37.150183589001564,35.76582336425781,35.76582336425781,2015200
2011-08-03,35.73737201244693,36.23991646878204,34.78917956578758,36.10717010498047,2249600
2011-08-04,35.39603051962601,35.40551085385519,34.1159683746296,34.144412994384766,3549100
2011-08-05,34.95985935367177,35.18742716400301,32.92124748030321,33.793582916259766,3205600
2011-08-08,32.760051671388425,33.24363189438035,30.47490778505889,31.413619995117188,4910600
2011-08-09,31.935125075300068,32.79798014306394,30.579209452090055,32.712642669677734,4432400
2011-08-10,31.8592713931005,33.16777825466225,31.318801875360013,31.593778610229492,3449200
2011-08-11,31.99201418087588,33.95477222168207,31.66014466012354,33.414302825927734,2473500
2011-08-12,33.84099873975966,34.06856659661178,32.99710775118058,33.40483093261719,1456200
2011-08-15,33.75563630020183,34.229732335974695,33.689263144558886,34.18232345581055,1826600
2011-08-16,33.56602063538435,33.8884062750984,33.00658683755901,33.319488525390625,1344500
2011-08-17,33.575503406805815,34.0306354693607,32.82643030471692,33.13933563232422,1215800
2011-08-18,32.05839052637477,32.08683514462236,30.541280318312108,30.873149871826172,1757400
2011-08-19,30.436974248417688,31.79288965442477,30.04821732203724,30.22837257385254,2869200
2011-08-22,31.129158998454997,31.129158998454997,30.408530731066207,30.588685989379883,1639900
2011-08-23,30.702482909632934,32.029950617575835,30.28527758438556,32.010986328125,1447600
2011-08-24,31.78341109835732,33.26259261041564,31.78341109835732,33.15829086303711,1520500
2011-08-25,33.32897398402469,33.57550248809575,32.21958667303493,32.352333068847656,1742400
2011-08-26,32.02993835280286,33.64186616820706,31.73600102153917,33.42378234863281,1517400
2011-08-29,33.85047970613578,34.39094924926758,33.660840445003835,34.39094924926758,1144300
2011-08-30,34.15388867071581,35.4908397312997,33.9452851975391,35.206382751464844,1305800
2011-08-31,35.52876800745678,36.06923734991684,34.959850435295294,35.31068420410156,1168800
2011-09-01,35.24431140798153,35.68048268120113,34.60902420668124,34.65643310546875,997000
2011-09-02,33.66083103994117,33.94528804362586,32.978131337444296,33.215179443359375,852100
2011-09-06,31.906683528605388,33.60394559171059,31.821346047002613,33.319488525390625,1251200
2011-09-07,33.945297608316814,35.471888419284745,33.935817272918456,35.18743133544922,1259400
2011-09-08,34.72281236364402,35.225356906524375,34.2771642965729,34.42887496948242,1019200
2011-09-09,34.00219339191916,34.153904090797774,33.0540006196607,33.40483093261719,1249400
2011-09-12,32.959176215861085,33.64187610811305,32.333369186986125,33.04451370239258,1752000
2011-09-13,33.09192024499727,34.04959309435157,33.044507725558006,33.822025299072266,1220900
2011-09-14,33.96426847755216,34.599559584386455,33.08244881484122,34.153907775878906,1282600
2011-09-15,34.52368238059086,34.95984998164141,34.0969951112733,34.86503219604492,877000
2011-09-16,35.026228399000274,35.09260158226836,34.24871086608795,34.64695358276367,1123600
2011-09-19,33.992706178976604,33.992706178976604,33.20570813434522,33.746177673339844,923600
2011-09-20,33.935803019087984,34.428863445271084,33.14880168006499,33.177249908447266,1219900
2011-09-21,33.17725629129518,33.509122210713635,32.11527811502163,32.14372634887695,1470800
2011-09-22,31.062787049726936,32.05839214342066,30.294753381762487,30.82573890686035,3127000
2011-09-23,30.56973650054548,32.238554184466615,30.531807921643818,32.010986328125,1737300
2011-09-26,32.44714754370515,32.73160456184264,31.660146055888617,32.69367599487305,1516700
2011-09-27,33.641861396610345,34.05906469439566,32.80745118397324,33.03501892089844,1339700
2011-09-28,33.177259074764144,33.48068040285062,31.93512552617618,32.05839157104492,1228400
2011-09-29,32.88332877744923,33.366905546057865,31.868762703428057,32.81695556640625,1147000
2011-09-30,32.18164941619796,32.41869752107673,30.569725196675936,30.61713409423828,2845000
2011-10-03,30.380091811448544,31.26191121995621,29.583609881734127,29.915475845336914,3254500
2011-10-04,29.507757049133872,31.76445483573886,29.14744281732256,31.726526260375977,3700000
2011-10-05,31.878226695636787,32.49455318739126,31.261903820949186,32.28594970703125,1693200
2011-10-06,32.21958167229515,33.18673848505043,31.93512463726535,33.16777420043945,1399800
2011-10-07,33.31948626017218,33.39534340180322,31.736006407833944,32.39973831176758,1500000
2011-10-10,33.15829671696397,33.98322327458153,33.1014038582405,33.87892150878906,966300
2011-10-11,33.43325893468736,34.893475946014846,33.404814323124675,34.675392150878906,1435900
2011-10-12,34.96932987655475,35.98389525650183,34.646944379006484,35.51927947998047,1310100
2011-10-13,35.11156263912752,35.53824993311786,34.55212899079949,35.33913040161133,1050400
2011-10-14,35.89856704158033,36.031313406980566,35.481360045102825,35.851158142089844,1075100
2011-10-17,35.60463046363362,35.60463046363362,34.381461173931775,34.49524688720703,822500
2011-10-18,34.56161338082732,35.708925306022635,34.059068953912366,35.2822380065918,1558300
2011-10-19,35.396018985995184,35.51928137614813,34.40041421416648,34.54264450073242,1230000
2011-10-20,34.43834277285959,34.7702086187582,33.6797896843296,34.54264450073242,1216700
2011-10-21,35.035712511169955,36.01234959840098,34.81762867698571,35.993385314941406,1260000
2011-10-24,36.05026305131105,36.903633746814315,35.86062391328843,36.846744537353516,1278200
2011-10-25,36.533851026575825,36.92260975538018,35.56669437068202,36.04079055786133,976200
2011-10-26,36.75194025668467,37.036400904581576,35.708929937954,36.770904541015625,1334700
2011-10-27,37.89925521349189,39.331024290598876,37.444123249569124,38.78107452392578,1525800
2011-10-28,38.63885054357784,39.520669998723086,38.25957203620021,38.29750061035156,1955900
2011-10-31,37.75702807713695,37.85184588788524,36.76142659600935,36.78987121582031,1799900
2011-11-01,35.51927752584744,36.59073568184954,35.1874117159232,36.09767532348633,1805800
2011-11-02,36.37265848608866,37.50100606063276,36.0313086673515,37.26395797729492,1360500
2011-11-03,37.90873194509914,38.743142274877634,37.28292510203202,38.62936019897461,1649400
2011-11-04,37.90872582361849,38.05095610833024,36.96053357105054,37.20706558227539,1754000
2011-11-07,37.17862332931554,37.47256427698879,36.19250236008945,37.026912689208984,1374100
2011-11-08,37.387231057832075,37.93718083421574,36.78986876216875,37.87080764770508,1098000
2011-11-09,36.69504785870912,36.91313168412148,35.633073347158934,35.813228607177734,2024300
2011-11-10,36.36318880297149,36.60023697930656,35.633083602879445,35.92702102661133,1521300
2011-11-11,36.51489057475091,37.282927780677795,36.37266387392039,36.94157791137695,1479600
2011-11-14,36.68556766786344,36.73298018799712,35.841676895255205,36.1640625,1545700
2011-11-15,36.24939808258409,39.615480663749345,36.164060614686726,39.03708267211914,4263000
2011-11-16,38.61039849940485,40.41196202046345,38.35438609869852,39.09397506713867,3322100
2011-11-17,39.05604949650305,39.74822961800272,38.3069801374158,38.70521926879883,2280100
2011-11-18,38.85692783173461,39.3784329781645,38.45868872186472,38.58195114135742,1293200
2011-11-21,37.79495074630048,37.90873282484404,36.95106006439054,37.61479187011719,1413600
2011-11-22,37.59582864951104,37.965623092446094,37.21655025738611,37.54841613769531,1313800
2011-11-23,37.03640687828217,37.245006805433505,36.429560533013984,36.49593734741211,2179400
2011-11-25,36.03131598146241,37.03640136098432,36.03131598146241,36.514892578125,700900
2011-11-28,37.804434150150556,38.25956611836498,37.311373613651426,37.7759895324707,1436200
2011-11-29,37.81391509311977,38.29749164055143,37.45360095720835,37.76650619506836,1489000
2011-11-30,39.34051528447288,39.6344526958646,38.86641895170639,39.38792419433594,1548900
2011-12-01,39.22672240447998,39.4732544781036,38.970709997440366,39.13190460205078,1153400
2011-12-02,39.68184367827604,40.60159130578146,39.539617012941996,39.871482849121094,1951100
2011-12-05,40.535228414941024,40.86709433525399,40.146469643831296,40.44041061401367,1477400
2011-12-06,40.611088411019054,40.848136547108396,40.04217071416412,40.40248489379883,1247400
2011-12-07,40.15594948560168,40.77227603528756,40.05165135268507,40.544708251953125,1540800
2011-12-08,40.231807469374104,40.392998455797915,39.49221848777349,39.63444519042969,1567800
2011-12-09,39.64393343443552,40.592126023105486,39.435329907466475,40.326629638671875,1039800
2011-12-12,39.64392419020012,39.6723688037658,39.150863725016265,39.549102783203125,1013600
2011-12-13,39.90942207505832,40.09906129659664,38.2974941175836,38.58195114135742,1446400
2011-12-14,38.2311242315662,38.325942041983524,37.301895944619446,37.69065475463867,1483500
2011-12-15,38.344901983641016,38.525060866919596,37.548420168333706,37.74754333496094,1480200
2011-12-16,38.11733781759162,38.62936261680357,37.57686840189029,37.74754333496094,1666900
2011-12-19,38.041473695965806,38.07940225569562,36.401101466850086,36.53384780883789,1134500
2011-12-20,37.2924129660703,38.553507117123516,37.2924129660703,38.17422866821289,1649800
2011-12-21,38.11733896446428,38.17422819915471,37.16914647090581,38.03200149536133,1246300
2011-12-22,38.231120932605286,38.83796354787405,38.00355676041315,38.58195114135742,1441200
2011-12-23,38.62936828085257,38.79055928735,37.88029525555011,38.7715950012207,852500
2011-12-27,38.60091705723954,39.22672398282758,38.47765463253539,38.96123123168945,730100
2011-12-28,38.951754892773806,39.00864413552798,37.91822478361511,38.06045150756836,953300
2011-12-29,38.2406041362586,38.81899850590726,38.17422733550927,38.74314498901367,935300
2011-12-30,38.69574501767075,38.87590032679677,38.44921289247929,38.4776611328125,921700
2012-01-03,39.43531766052322,39.871485247759935,39.15086069567608,39.34049987792969,1103800
2012-01-04,39.08450046053524,39.397402140310525,38.73366659127466,39.36895751953125,1046500
2012-01-05,39.008633955517666,39.3215391772786,38.562982379215796,39.141380310058594,928600
2012-01-06,39.1224201400165,39.20775760791386,38.76210960184299,39.03708267211914,814300
2012-01-09,39.018121656989024,39.16034835750261,38.43023972025103,38.54402542114258,1045300
2012-01-10,38.87588926468416,39.53962468286047,38.82848036704308,39.520660400390625,1090700
2012-01-11,39.30257285521773,39.84304219468541,39.11293366554719,39.16982650756836,992600
2012-01-12,39.2267233856626,41.33171192926244,39.2267233856626,41.21792984008789,2004200
2012-01-13,40.89554004458377,41.11362386690751,40.26973319272132,40.772274017333984,1476400
2012-01-17,41.17051955156541,41.606690881659965,40.94295536088508,41.388607025146484,1023000
2012-01-18,41.25584125693832,42.10921568844884,41.1325788745494,41.94802474975586,856100
2012-01-19,42.270419995448506,43.34187483021272,42.2324914303948,42.820369720458984,1192700
2012-01-20,42.86778071408427,43.13327706537347,42.72555401377988,42.94363784790039,981700
2012-01-23,43.01001021989404,43.607372477689005,42.8014067229031,42.95311737060547,1103400
2012-01-24,42.649698458726164,43.17120361328125,42.33679681282005,43.17120361328125,724300
2012-01-25,43.07637920024336,44.03405189224677,42.839331110264936,43.910789489746094,1339900
2012-01-26,43.066897053012134,43.61685038096425,42.526427674613366,42.93415069580078,2272300
2012-01-27,42.829844008723754,43.2186063200586,42.5833156048007,42.84880828857422,1014200
2012-01-30,42.38420837097466,42.535919036663536,41.777365708219136,42.48851013183594,1101200
2012-01-31,42.89623672550368,43.06690807340067,42.01441727887445,42.44110107421875,813100
2012-02-01,42.924672740418146,43.99613122406504,42.82985132496829,43.85390090942383,1016700
2012-02-02,43.901311534130556,44.195252507977564,43.63581879457023,43.73063659667969,797100
2012-02-03,44.02457502939467,44.96328351412418,43.85390010179529,44.764163970947266,1436100
2012-02-06,44.54608741302949,44.63142489075258,43.79701439935659,44.11940002441406,851700
2012-02-07,43.87287314006246,43.967690955621364,43.322919682030964,43.74960708618164,720200
2012-02-08,43.73064251322305,43.82546394522869,43.14276410305925,43.45566940307617,572300
2012-02-09,43.531520378536875,44.14784699068938,43.42721861798175,43.98665237426758,565000
2012-02-10,43.37981444346769,43.69271975925253,42.97209130796692,43.474632263183594,667000
2012-02-13,43.84443297582891,43.92977046533406,43.05743128182942,43.891841888427734,921200
2012-02-14,43.68322197758332,43.87286117404617,43.360836428716524,43.60736846923828,949200
2012-02-15,43.68322099033692,43.68322099033692,42.13766645713465,42.31782531738281,1231800
2012-02-16,42.460055324886056,43.237572818359574,42.44109104247609,43.1237907409668,646000
2012-02-17,43.408250308391416,43.616853810162404,43.16172185662617,43.19016647338867,601500
2012-02-21,43.45566155382427,43.81597207916064,43.17120092625632,43.25653839111328,995600
2012-02-22,43.0953563122734,43.0953563122734,42.2325011525367,42.44110107421875,912400
2012-02-23,42.678145076186816,45.29515853926612,42.298870226496675,45.14344787597656,2214300
2012-02-24,45.22877743751115,45.674425398359034,44.669343786301894,44.74519729614258,1496400
2012-02-27,44.489187431040314,44.87794980279739,44.04353944502362,44.61245346069336,860100
2012-02-28,44.56505727526841,44.70728762829332,44.12888949769192,44.54609298706055,943800
2012-02-29,44.5650552776195,44.92536950328141,43.74012867142983,43.82546615600586,829600
2012-03-01,44.119395336921954,44.8969128882055,43.99613291769289,44.83053970336914,1193800
2012-03-02,44.85898379835972,44.934837309573204,44.58400713394359,44.7357177734375,1298500
2012-03-05,44.59348756440803,45.08654804811314,44.33747518149959,44.3848876953125,1566700
2012-03-06,43.66426542263453,43.66426542263453,42.27042485868577,42.50747299194336,1210000
2012-03-07,42.46954584649138,42.76348322666307,42.22301375407971,42.48851013183594,1088100
2012-03-08,42.90570799511516,43.07638292401911,42.194563663704415,42.810890197753906,725900
2012-03-09,42.84881993123298,43.37980906012417,42.782446742255026,43.047943115234375,465500
2012-03-12,43.12379130227601,43.56944290204337,42.583321906291665,42.716068267822266,639400
2012-03-13,43.15223382183684,44.0056084146098,42.972078570947836,43.99612808227539,628000
2012-03-14,43.9961308205632,44.128877183908386,43.28498648801358,43.40824890136719,890300
2012-03-15,43.474619604458894,44.584006580862685,43.23757150712364,44.441776275634766,1075700
2012-03-16,44.46075820922852,44.84003676237243,44.42282963050046,44.460758209228516,882000
2012-03-19,44.21421212775039,44.6883083224209,43.97716403041514,44.441776275634766,642900
2012-03-20,43.97715979593183,43.99612407594064,43.23756734385439,43.446170806884766,842100
2012-03-21,43.65478163803541,43.83493690292616,43.30394782425795,43.550479888916016,650900
2012-03-22,43.17120549461468,43.17120549461468,42.00492909619949,42.497989654541016,1015800
2012-03-23,42.64022191627883,42.6876308223503,41.74891856703734,42.573848724365234,1061100
2012-03-26,43.133279690177694,44.03405969812265,42.98156903038057,43.95820617675781,1236800
2012-03-27,43.92976947482269,44.214226561069964,43.61686414800303,44.05303192138672,1796900
2012-03-28,43.92027541654462,43.92975936690926,42.48850636220093,43.08586502075195,1196800
2012-03-29,42.70659092668004,42.839337297509694,42.13767325832352,42.526432037353516,967100
2012-03-30,42.791932717229926,43.114318343399745,42.07130432128906,42.07130432128906,1629500
2012-04-02,41.91960041548318,42.66867355261435,41.568770112385245,42.43162536621094,1141600
2012-04-03,42.26093280111684,42.57383801318636,42.02388471333087,42.41264343261719,798700
2012-04-04,41.98596829752027,42.194571832581246,41.65410232543945,41.65410232543945,961400
2012-04-05,41.42653847637991,41.85322592216333,41.24638316241276,41.50239562988281,900900
2012-04-09,40.54471241482238,40.86709803102409,40.336112510504265,40.79124450683594,1403100
2012-04-10,40.089587572291244,40.68695000654018,39.71979298535036,39.74823760986328,1110000
2012-04-11,40.468861240559825,40.677464774058606,39.966320310295814,40.45937728881836,791000
2012-04-12,40.506790586434036,41.47394750965708,40.440417391248246,41.39809036254883,740000
2012-04-13,41.227405619920766,41.28429846675757,40.57315415809896,40.67745590209961,1171900
2012-04-16,40.88605866572891,41.42652808918239,40.7059033969335,41.03776931762695,1406900
2012-04-17,41.46445521080734,42.27042095978365,41.33170884715802,41.957515716552734,818300
2012-04-18,41.72046532000143,41.805802780111385,41.25584945561015,41.58771896362305,818200
2012-04-19,41.549786062852974,41.88165191915908,40.573149156809365,40.94294357299805,723900
2012-04-20,41.104134526899145,41.40755577182661,40.772268670593036,40.94294357299805,1045300
2012-04-23,40.27921298232042,40.53522536604877,39.99475598386681,40.47833251953125,705400
2012-04-24,40.563671627280804,40.95243038492968,40.383516364929854,40.65849304199219,681900
2012-04-25,41.2273960622981,41.56874583005087,40.83863740837215,41.303253173828125,786000
2012-04-26,41.189478489099734,41.72046756019179,40.92398576208726,41.55927658081055,715600
2012-04-27,41.815294240973905,42.611776208281405,41.369646156968585,42.289390563964844,1178300
2012-04-30,42.09974598483857,42.137670933649545,41.33170880260906,41.55927658081055,987700
2012-05-01,38.99916500903614,39.890464804788145,38.61040616421082,39.69134521484375,3340500
2012-05-02,39.51117915447382,39.83356474438873,38.94226510971447,39.63444519042969,1510200
2012-05-03,39.577563322049045,39.577563322049045,38.477659978293204,38.79056167602539,2180900
2012-05-04,38.44920335035538,38.68625146425038,37.169144982149255,37.50101089477539,1822800
2012-05-07,37.41567708097346,37.88029302106513,37.04588256593495,37.254486083984375,1054200
2012-05-08,36.98898905458738,37.207076519806236,36.306292891655694,37.11225509643555,1158000
2012-05-09,36.173547157851026,37.529462791037254,36.13561858782976,37.254486083984375,1497000
2012-05-10,37.70961366503894,37.89925287591019,36.837274741857996,36.960540771484375,1156300
2012-05-11,36.70451427957012,37.320840573877234,36.52435908783477,36.846744537353516,757100
2012-05-14,36.26836013793945,36.65711888623861,36.230431572967085,36.26836013793945,666100
2012-05-15,35.936496205855036,36.42955310923942,35.528773152732875,35.642555236816406,1284500
2012-05-16,36.00286446524249,36.12612686569532,35.206382751464844,35.206382751464844,1553000
2012-05-17,35.22534653040413,35.4149821028804,34.56161117553711,34.56161117553711,1473600
2012-05-18,34.77969826751245,34.85555178026495,34.13492713231448,34.26767349243164,1188400
2012-05-21,34.22975406987954,35.22535927080658,34.22027373465353,35.04520034790039,1153600
2012-05-22,35.21587294253866,35.43395680870302,34.371982098708116,34.627994537353516,1051700
2012-05-23,34.28663001955765,35.158968729832,33.98320880304471,35.073631286621094,1041300
2012-05-24,35.1210524018456,35.234834493387716,34.599547230454505,35.111568450927734,933000
2012-05-25,35.08312892294043,35.36758600160473,34.893489664808236,35.04520034790039,729500
2012-05-29,35.377061834280205,35.75633664642678,35.29172436856047,35.50032424926758,826600
2012-05-30,35.026230446051464,35.026230446051464,34.0875218752174,34.22026824951172,1216300
2012-05-31,34.201299405469605,34.23922796937364,33.33844447052102,33.67979431152344,1846100
2012-06-01,32.978140992235225,33.56602307130321,32.978140992235225,33.13933563232422,1603400
2012-06-04,33.17726217324674,33.30052461255963,32.437669452029986,32.617828369140625,1452800
2012-06-05,32.48506208755719,33.746159407320356,32.46610142721335,33.73667907714844,1367100
2012-06-06,34.10647929087402,34.817623538860104,33.973732943313955,34.56161117553711,841000
2012-06-07,35.10208254453961,35.62358763314056,34.26767223253796,34.33404541015625,813400
2012-06-08,34.10647236345717,34.571084485549335,33.77460294489681,34.552120208740234,1152800
2012-06-11,34.969328172263715,35.01673705725545,33.69875052232863,33.73667907714844,777400
2012-06-12,33.80306625178813,34.11596791609216,33.43326811460327,34.0021858215332,1237900
2012-06-13,33.90736306874485,33.90736306874485,33.30052043207959,33.51860427856445,1065800
2012-06-14,33.57548452769728,33.907350339705445,33.37636504049238,33.73667907714844,948900
2012-06-15,33.90736232202601,34.097001546074466,33.53756782451856,34.07803726196289,976500
2012-06-18,33.80306261657602,34.18233743000751,33.66083230087222,34.049591064453125,583200
2012-06-19,34.13492036936163,34.883993101118534,34.13492036936163,34.808135986328125,990200
2012-06-20,34.53317246434307,34.80814918411848,33.79358340004696,34.286643981933594,903800
2012-06-21,34.36249225435323,34.46679037421011,33.25310532724432,33.300514221191406,1041300
2012-06-22,33.49015620588922,33.708240029879356,33.26259204914606,33.56601333618164,858600
2012-06-25,33.091921132964764,33.27207641363898,31.86875188678496,32.712642669677734,1669900
2012-06-26,32.73160101755458,33.25310609718086,32.64626355964724,33.091915130615234,1399700
2012-06-27,33.291037820522966,34.106483914148086,33.21518068759636,34.049591064453125,750200
2012-06-28,33.670306062321316,34.68487512332573,33.58496861296829,34.6374626159668,946100
2012-06-29,35.39602259087769,35.898563385009766,35.102081656669554,35.898563385009766,1205900
2012-07-02,35.964936520598606,36.13561143484194,35.46239572703036,35.69944381713867,773300
2012-07-03,35.661518985092286,36.543338261905575,35.58566185213032,36.448516845703125,322000
2012-07-05,36.315769464275114,36.50540867430831,35.936494661275795,36.01234817504883,534900
2012-07-06,35.51928345968079,35.727886927662965,35.282235379543465,35.56669235229492,530300
2012-07-09,35.452916980321255,35.75633829081938,35.27276170754654,35.680484771728516,471100
2012-07-10,35.87960752114998,36.09769138140914,34.88400603142158,35.140018463134766,883800
2012-07-11,35.25379764138593,35.25379764138593,34.6185067818704,34.827110290527344,712600
2012-07-12,34.5805708311403,34.79865460397325,34.28662994580917,34.57108688354492,884700
2012-07-13,34.609020283555736,35.47187516512062,34.59005600277702,35.31068420410156,545500
2012-07-16,35.20639022710356,35.25379913096494,34.63747252956452,35.15898132324219,617700
2012-07-17,35.32964931782811,35.64255456448952,34.92192988946401,35.50032424926758,422700
2012-07-18,35.339143763344964,36.66661142570438,35.339143763344964,36.41060256958008,734400
2012-07-19,36.35370254572767,36.988989818630195,36.03131693374306,36.7519416809082,1022100
2012-07-20,36.306299555574675,36.54334773190974,35.87013177921451,35.92702102661133,967400
2012-07-23,35.0736482447269,35.55722491202047,34.561623337897494,35.3486213684082,589800
2012-07-24,35.42447371351683,35.50032723549996,34.201304474331934,34.51420974731445,581200
2012-07-25,34.77969485934549,35.22534641069698,34.46678965510296,34.713321685791016,740100
2012-07-26,35.433947496611935,35.78478127426034,35.348610039490275,35.69944381713867,1392600
2012-07-27,35.93649154442397,37.69064594668843,35.72788806977339,37.40618896484375,1305500
2012-07-30,38.45869384387617,38.45869384387617,37.05536920490253,37.169151306152344,1579300
2012-07-31,37.026913083614936,37.38722721410614,36.4769633637708,36.571781158447266,1262100
2012-08-01,36.85625035021677,36.96055212910023,36.11666117932416,36.363189697265625,1467800
2012-08-02,36.14509603956404,36.543338758896084,35.69944803708683,36.34421920776367,755600
2012-08-03,37.159663533813486,37.349302761110394,36.81831726515994,36.970027923583984,884100
2012-08-06,37.13121639562738,37.64324118945812,37.13121639562738,37.3018913269043,677900
2012-08-07,37.32084557880918,37.92768800820994,37.26395274465303,37.28291702270508,881000
2012-08-08,37.188105643950124,37.58634470032117,36.95105755313875,37.54841613769531,515200
2012-08-09,37.491522660107215,37.8802813402785,37.491522660107215,37.60530471801758,349300
2012-08-10,37.41567340873318,37.595832290118345,36.789866533073564,37.3018913269043,549400
2012-08-13,37.18811320168173,37.59583629010411,36.856243636859936,37.150184631347656,378000
2012-08-14,37.60531712963555,38.13630627024732,37.27345117742045,37.44412612915039,666000
2012-08-15,37.311378463383974,38.10786041555277,37.311378463383974,38.06045150756836,682600
2012-08-16,38.00355836274967,38.875893754711804,37.82339946701198,38.76211166381836,618600
2012-08-17,38.8189883594683,38.93277403066842,38.45867791853344,38.87588119506836,945900
2012-08-20,38.733662161343766,38.98967457028061,38.458689085434415,38.82848358154297,405600
2012-08-21,38.999156813548325,39.624963691197465,38.91381934763857,39.1508674621582,879000
2012-08-22,39.056045946129366,39.075010229290456,38.41127478692117,38.600914001464844,753100
2012-08-23,38.50609776682914,38.923301162118136,38.202676458061276,38.430240631103516,632300
2012-08-24,38.250079660344554,38.46816346746169,37.92769411567861,38.30697250366211,808300
2012-08-27,38.401792755575684,38.62936052637747,37.95614116366682,38.02251434326172,667400
2012-08-28,38.25009062130272,38.25009062130272,37.61479968194121,37.81392288208008,810600
2012-08-29,37.8518427389715,37.88977130694257,37.29241263820116,37.68117141723633,392400
2012-08-30,37.38723195402088,37.45360514212254,36.93209997115205,37.159664154052734,372600
2012-08-31,37.43463852136165,37.8992544261476,37.32085643701157,37.49153137207031,508100
2012-09-04,37.4535994442214,37.652718978233864,36.78986404711296,37.434635162353516,680900
2012-09-05,37.40618896484376,37.775983402948505,37.19758549019317,37.40618896484375,409400
2012-09-06,37.71909875622851,38.65781097907441,37.71909875622851,38.49661636352539,591700
2012-09-07,38.088895664489876,38.781079457479606,37.95614927692509,38.11734390258789,1227600
2012-09-10,37.94666580762878,38.932786915318275,37.880292619329246,38.65781021118164,799900
2012-09-11,38.70521867628127,39.549109446874965,38.63884548873351,39.51118087768555,823600
2012-09-12,39.54911168617892,39.82408840277047,39.26465463528694,39.48273849487305,594200
2012-09-13,39.49222091931194,40.53523127127806,39.04656926600237,40.40248489379883,721000
2012-09-14,40.49729708723674,41.62564837352104,40.49729708723674,41.0756950378418,727400
2012-09-17,40.94294880995487,40.98087737468884,40.374034807213505,40.92398452758789,641500
2012-09-18,40.829166732820006,41.05673088708974,40.68693642360115,40.92398452758789,457400
2012-09-19,40.91450432701196,41.246370226837875,40.73434545247759,40.772274017333984,835800
2012-09-20,40.48782872883284,40.54471797550939,39.776684208831334,40.46886444091797,840300
2012-09-21,40.7722822733385,40.79124655960678,40.554198406854816,40.56367874145508,1325800
2012-09-24,39.85252618595633,40.76279365654709,39.85252618595633,40.57315444946289,814500
2012-09-25,40.60159491019352,40.60159491019352,38.894849455204096,38.92329406738281,1030600
2012-09-26,38.97070848043807,39.03708166296828,38.13630172375336,38.600914001464844,1092100
2012-09-27,38.74314498901367,38.932784206848474,38.45868797079509,38.74314498901367,562400
2012-09-28,38.477645177960305,38.54401834943589,37.93717224055458,38.33541488647461,759300
2012-10-01,38.43972712503432,39.17931616195878,38.288016460612184,38.49661636352539,679400
2012-10-02,38.866410072986646,39.13190280122444,38.54402449566912,38.904335021972656,1127700
2012-10-03,38.96122527753711,39.21723765575332,38.382827343463475,38.63883972167969,621900
2012-10-04,38.89485549926758,39.0655304329952,38.73366089871716,38.89485549926758,608900
2012-10-05,39.15088080982347,39.59652895744901,38.92331295079062,39.07502365112305,558800
2012-10-08,38.904341235528555,38.904341235528555,38.5914395582832,38.724185943603516,482000
2012-10-09,38.54402645653555,38.76211029683515,37.81391779967134,37.88029098510742,832000
2012-10-10,37.89925603045459,37.91822031482691,37.453604390373386,37.71909713745117,514100
2012-10-11,37.99406684472036,38.079404300160896,37.643236691050035,37.86132049560547,894500
2012-10-12,37.975104152124956,38.250080810830404,37.74754000614361,37.889766693115234,770500
2012-10-15,37.92769160464327,37.95613621588546,37.301884837849315,37.937171936035156,754300
2012-10-16,38.15526444271623,38.61039636872234,37.98458951833056,38.57246780395508,635000
2012-10-17,38.657813860403046,38.999163785061974,38.62936923903741,38.80952453613281,407200
2012-10-18,38.72418847901953,39.1129473259401,38.610406372304915,38.79056167602539,577100
2012-10-19,38.58194841644731,38.58194841644731,37.41567216939761,37.5673828125,944600
2012-10-22,37.45359960557978,37.80442977897989,37.1312140465706,37.4820442199707,652400
2012-10-23,36.6665948985564,37.14069105364753,36.63815028671224,36.87519836425781,627600
2012-10-24,37.140705008911574,37.2544907331753,36.60023547839676,36.6950569152832,460900
2012-10-25,37.01743713061917,37.25448526242324,36.29680878437704,36.865726470947266,626100
2012-10-26,36.85624457073871,37.254487335202185,36.3252590408776,36.43904113769531,567000
2012-10-31,36.74245082386686,37.83287339191789,36.581259872573426,36.59074020385742,992000
2012-11-01,36.695046254840435,37.662202927701266,36.58126418070002,37.434635162353516,990000
2012-11-02,37.226041197841624,37.235525149734144,36.47697176638558,36.76142883300781,1760700
2012-11-05,36.50541990480544,37.76651796498236,36.50541990480544,37.66221618652344,1060200
2012-11-06,37.85184517685445,38.96123235052178,37.69065417819672,38.847450256347656,1218300
2012-11-07,37.956132593384005,38.18370031280227,37.188099226613026,37.63374710083008,1069300
2012-11-08,37.70961838483626,37.77599157438851,36.770906162919694,36.95106506347656,1481400
2012-11-09,36.93208711535128,37.415663548486265,36.87519428089637,36.979496002197266,753700
2012-11-12,37.1122557549384,37.55790741001944,36.88469156894586,37.254486083984375,946800
2012-11-13,36.9984602803489,37.71908476478002,36.505399899604996,36.979496002197266,956700
2012-11-14,37.05537225746382,37.29242043121811,36.64764910924099,36.7803955078125,891000
2012-11-15,36.78986301407681,37.20706996932162,36.67608094313132,36.99846649169922,1577100
2012-11-16,36.99847157392955,37.159662561821804,36.61919312925658,36.932098388671875,1053300
2012-11-19,37.33033663020146,37.67168649903821,37.06484389535831,37.64324188232422,889200
2012-11-20,37.681181605861596,37.77599943435977,37.31138339375479,37.39672088623047,667100
2012-11-21,37.51049521870361,37.89925398468294,37.30189171893566,37.74754333496094,796100
2012-11-23,37.927706859700294,38.288021087646484,37.86133366206126,38.288021087646484,358300
2012-11-26,38.29749183044945,38.923298692205464,38.193190083978934,38.913818359375,863000
2012-11-27,38.80950857225384,39.112929798904275,38.51556767646971,38.66727828979492,654700
2012-11-28,38.354380633650564,38.63883761043676,37.67168099571034,38.51557159423828,1011400
2012-11-29,38.800034693656485,39.00863819751505,38.496613388262546,38.885372161865234,580700
2012-11-30,38.999151472028544,39.04656036502567,38.56298025208157,38.818992614746094,823800
2012-12-03,39.14137838999459,39.25516407436243,38.43023413949575,38.51557159423828,674700
2012-12-04,38.23112175329276,39.122421411468416,38.23112175329276,38.97071075439453,600600
2012-12-05,39.01811587924527,39.45428348354082,38.55350004540579,39.16982650756836,694700
2012-12-06,39.12241500994976,39.40687561035156,38.66728311320039,39.40687561035156,864800
2012-12-07,39.49221146099113,39.93785939050124,38.89484928833435,39.92837905883789,835300
2012-12-10,39.824085090188724,40.07061354923741,39.7577119044038,39.97579574584961,699900
2012-12-11,40.19387212961818,40.38351131827496,40.02319722153374,40.22231674194336,856100
2012-12-12,40.41196810582235,40.50678953725166,39.91890751359326,39.9663200378418,720100
2012-12-13,39.89994748922402,40.02320992647259,39.39740293719616,39.558597564697266,702600
2012-12-14,39.3405068358878,39.83356373305852,39.046565870553515,39.19827651977539,840900
2012-12-17,39.45429924520206,39.89995097640194,39.397406380452665,39.862022399902344,1232700
2012-12-18,40.01373470041826,40.753323886607205,39.89995258340495,40.68695068359375,924400
2012-12-19,40.59212315560147,40.99984622929264,40.34559107440487,40.36455535888672,1138100
2012-12-20,40.468855640148426,41.30326604160321,40.35507355447146,41.2843017578125,903100
2012-12-21,40.72487926162095,40.90503458164772,40.44042216055353,40.68695068359375,1080600
2012-12-24,40.53521603908274,40.715371252668184,40.4309143196668,40.60158920288086,307400
2012-12-26,40.677461599758665,40.8102079772379,40.24129028038297,40.40248489379883,629300
2012-12-27,40.34559168423075,40.34559168423075,39.40688309912889,40.15595245361328,716500
2012-12-28,39.73874821501118,40.013724912845156,39.558592939051366,39.56807327270508,514500
2012-12-31,39.46377173986977,40.41196426155763,39.349989650046105,40.36455535888672,634500
2013-01-02,41.25585353718738,41.50238560948055,41.05673398292024,41.483421325683594,876500
2013-01-03,41.42652846064188,41.71098910043524,41.180000005497234,41.2843017578125,623400
2013-01-04,41.454975759150464,41.72994882524091,41.30326510931645,41.64461135864258,514900
2013-01-07,41.53082837035693,41.88165856225153,41.293780259091115,41.75839614868164,558000
2013-01-08,41.72046425877166,41.96699268333682,41.55927329214577,41.90061950683594,739700
2013-01-09,41.96700969666246,42.18509721308247,41.77737403953458,42.128204345703125,466900
2013-01-10,42.374712143512056,42.981558247527516,42.33678720087765,42.84880828857422,875500
2013-01-11,42.924671438691625,42.924671438691625,42.27041996873053,42.62125015258789,576300
2013-01-14,42.753994726487555,42.753994726487555,42.194561075411784,42.59280014038086,587800
2013-01-15,42.3842043172017,43.27550394074342,42.3462757501402,43.19016647338867,717200
2013-01-16,43.02898025512695,43.12379806621604,42.82985706453163,43.02898025512695,562700
2013-01-17,43.23757354552513,43.77804294356417,43.23757354552513,43.66426086425781,852500
2013-01-18,43.78752689346216,43.78752689346216,43.114311133387865,43.66426086425781,705800
2013-01-22,43.569441649841245,44.41333230994667,43.095345448247905,44.3848876953125,967800
2013-01-23,44.21422002678093,44.4323038812428,43.80649693715773,43.93924331665039,814300
2013-01-24,44.09094975014259,44.802094100951344,44.01509261653073,44.59349060058594,951200
2013-01-25,44.915883203521126,46.8501970081015,44.5934975694244,45.94941329956055,2787500
2013-01-28,46.05369938146536,46.34764029443817,45.89250842784793,46.20541000366211,755700
2013-01-29,46.21490383004511,46.793298214062,46.158010978161194,46.376094818115234,894500
2013-01-30,46.38557329288251,46.423501859285324,45.51323796802102,45.55116653442383,1020600
2013-01-31,45.494272423290994,45.72184019833034,44.97276730944854,45.61753845214844,987500
2013-02-01,46.12956648216399,46.20542000114153,45.664950566557444,45.82614517211914,1079400
2013-02-04,45.513239690782605,45.740807480746135,45.323600468657546,45.42790222167969,717500
2013-02-05,45.61754450123378,46.03474792421732,45.45634988565016,45.98733901977539,785500
2013-02-06,45.712358065683446,46.044227600097656,45.63650454903294,46.044227600097656,525600
2013-02-07,46.10111385751002,46.10111385751002,45.39945350124907,45.53219985961914,790700
2013-02-08,45.57012415951082,45.88302574394892,45.304627850549224,45.589088439941406,660600
2013-02-11,45.51324096248065,45.75976942618443,45.2572285480186,45.36153030395508,509200
2013-02-12,45.664952749273155,45.854591981382484,45.389976043568005,45.64598846435547,682400
2013-02-13,45.88303867504573,46.461436731453844,45.88303867504573,46.16749572753906,648100
2013-02-14,46.01578903325906,46.660560337042185,45.939935500673506,46.36662292480469,853000
2013-02-15,46.36662443707692,46.79330825805664,46.0726833981844,46.79330825805664,1094800
2013-02-19,46.85966996928763,47.70356430300808,46.79329678598235,47.6940803527832,1337800
2013-02-20,47.73202159905326,47.86476800092648,46.82175745729273,46.83123779296875,1143900
2013-02-21,46.60366449779556,46.717446589108555,45.55117020621481,46.10111999511719,978400
2013-02-22,46.338171476027505,46.55625534057617,46.01578584646257,46.55625534057617,711600
2013-02-25,46.840703848177746,47.039823374905275,45.086545818777765,45.114994049072266,1435800
2013-02-26,45.33307675981371,45.41841421449827,44.48918254479234,45.22877502441406,1106800
2013-02-27,45.11499862050268,46.186453487405394,45.02017720502424,46.053707122802734,616500
2013-02-28,46.22438162109481,46.52780291365252,45.9494049443809,46.30971908569336,923800
2013-03-01,45.74081244356057,46.025269499077694,44.8874376599415,45.51324462890625,1311200
2013-03-04,45.36152829863309,45.79769597047878,45.22878193042503,45.78821563720703,995600
2013-03-05,46.24334746232029,47.55185409123641,46.17697427840334,47.43806838989258,1410300
2013-03-06,47.74148990689324,48.0638754946795,47.55185430460377,47.63719177246094,868000
2013-03-07,47.618226540007676,47.893199604675374,47.48548017422316,47.79838180541992,889500
2013-03-08,48.168177251428396,49.173262582181515,48.02595054969579,49.13533401489258,1213500
2013-03-11,49.16378168632121,50.23524026786495,48.822435410715116,49.49565124511719,1521500
2013-03-12,49.52409121464062,49.751658994082106,49.19222530406673,49.306007385253906,800400
2013-03-13,49.40082239981628,49.969740007829685,49.372377785389034,49.74217224121094,753800
2013-03-14,49.874918477416884,50.59554672241211,49.82750958113042,50.59554672241211,979900
2013-03-15,50.58607166922316,51.01275904497449,50.57659133512538,50.92742156982422,1140200
2013-03-18,50.24470872544489,51.420465085358195,50.15937127859099,51.24979019165039,1237600
2013-03-19,51.173945600290715,51.43943831801905,50.9368974974427,51.382545471191406,1888400
2013-03-20,51.6385578563153,51.676486420867064,51.25928306199868,51.382545471191406,1549600
2013-03-21,51.02223015612164,51.36357635375353,50.87051952926302,51.14549255371094,982000
2013-03-22,51.401511104515365,51.67648777914268,51.03171663308343,51.66700744628906,669100
2013-03-25,51.771307141804705,52.150585574628884,51.0506824599194,51.496334075927734,660900
2013-03-26,51.68596980481374,52.44452667236328,51.600632338067776,52.44452667236328,759500
2013-03-27,52.093688296763816,52.66260589764365,51.685965282106686,52.65312194824219,695500
2013-03-28,52.88069193947582,53.60131659046453,52.368667162236264,53.32634353637695,1213100
2013-04-01,53.20306598373098,53.41166942936007,52.16005237265179,52.27383804321289,883500
2013-04-02,52.605715243241484,52.79535445143244,51.39203009812669,51.524776458740234,1188100
2013-04-03,51.43944344264878,51.553225530572554,49.59046733281752,49.81803512573242,1596300
2013-04-04,49.922319714373714,50.27314980812877,49.912835767018485,50.24470520019531,1070200
2013-04-05,49.57150153871081,50.66192433405718,48.87932146456826,50.58606719970703,1134600
2013-04-08,50.42487645622072,51.268767186036435,50.42487645622072,51.18342971801758,830300
2013-04-09,51.117064183034245,51.20240166382333,50.31110189996785,50.78519821166992,669200
2013-04-10,50.90845747703276,51.33514485439729,50.65244505061405,51.32566452026367,832300
2013-04-11,51.29721063308946,52.055767494653246,51.0980910846092,51.79975509643555,786100
2013-04-12,51.53426032950535,51.5721888971609,50.13093587985569,50.33005905151367,1708500
2013-04-15,49.874922467575395,49.874922467575395,47.608743043351375,47.74148941040039,1688300
2013-04-16,48.27247355357141,49.19222131262987,48.1302432508276,48.55693054199219,1147000
2013-04-17,47.98801958822778,48.08283738465227,46.32868283132954,46.916561126708984,1446400
2013-04-18,47.08724355867446,47.34325599030426,46.64159188690395,46.86915969848633,1282700
2013-04-19,47.11568977096102,47.59927003051543,46.71745060856824,47.44755935668945,788600
2013-04-22,47.51393472563529,48.22507921995136,46.57522240162818,48.016475677490234,722200
2013-04-23,48.28196923011241,48.40523529052734,47.52341581422821,48.405235290527344,554200
2013-04-24,48.49055923306872,49.211187489697174,48.49055923306872,49.1827392578125,730200
2013-04-25,49.410313771948786,50.02663675188277,49.192229922089,49.49565124511719,582500
2013-04-26,49.43875628052308,49.56202231807568,48.765540474854944,48.974143981933594,433200
2013-04-29,49.154294512919535,49.80854597146376,49.00258387251506,49.334449768066406,1092200
2013-04-30,48.17766280277273,48.95518037269715,46.94500964439107,47.8647575378418,2216600
2013-05-01,47.836315746122324,47.9595817926565,46.45195546589041,46.48040008544922,1624100
2013-05-02,46.72691803783568,47.381173076880884,46.47090566826149,47.26738739013672,992900
2013-05-03,47.89321042948018,48.93622454236777,47.89321042948018,48.006996154785156,1048900
2013-05-06,47.9595791726709,48.50004861716855,47.78890423050665,48.26300048828125,814400
2013-05-07,48.30092986175338,48.670728015008216,47.91217103947107,48.452640533447266,577300
2013-05-08,48.3578165963277,49.04999667434471,48.3578165963277,48.78450393676758,552000
2013-05-09,48.62330323862817,48.9077638413071,47.7699322817918,47.91215896606445,1162800
2013-05-10,47.93113502640335,48.35782241821289,47.7414957837027,48.35782241821289,756600
2013-05-13,48.26300155116124,48.31041045456929,47.40014648769179,47.599266052246094,698800
2013-05-14,47.64667034175664,48.70864486694337,47.64667034175664,48.70864486694336,749400
2013-05-15,48.443153078633635,49.7895846398814,48.443153078633635,49.64735794067383,899400
2013-05-16,49.36290236649252,50.14041991947761,49.230152379462005,50.026634216308594,1121600
2013-05-17,50.14041914280986,51.35410435460779,50.036117391720865,51.2877311706543,756700
2013-05-20,51.16446789300112,52.64364953738616,51.16446789300112,52.15058898925781,982200
2013-05-21,52.1031764329454,52.49193519710545,51.648044485909296,52.197994232177734,643500
2013-05-22,52.16955003552859,52.81432120328376,51.56270743459835,51.742862701416016,859200
2013-05-23,51.02224118417997,52.406601405616804,50.70933591405205,52.15058898925781,1038500
2013-05-24,51.79026046566871,52.23591198737146,51.534248120247966,52.14109420776367,675200
2013-05-28,52.93758541942579,53.591836897891184,52.71001764335642,53.5159797668457,850500
2013-05-29,53.136705882925874,53.65821100815906,52.700538223063,53.155670166015625,959600
2013-05-30,53.335822129662205,54.37883231559327,53.022916903642724,54.19867706298828,852500
2013-05-31,53.800441112095555,54.81500674248745,53.430643018894365,54.05644989013672,977000
2013-06-03,54.198682668298915,54.58744144512291,53.098779522865115,54.42625045776367,1319400
2013-06-04,54.39780024739869,54.75811439385133,53.591838105744635,53.952152252197266,740600
2013-06-05,53.70561631029001,53.79095376994465,52.60571328422297,52.85224533081055,1364700
2013-06-06,52.814322626843776,53.2410099724573,52.577274503399295,53.02292251586914,1362200
2013-06-07,53.487545483264164,54.189209612704865,53.33583480893479,53.98060607910156,754400
2013-06-10,54.103862406209,54.103862406209,53.53494476694595,54.05644989013672,711700
2013-06-11,52.842764920635425,53.6013181588898,52.7194988890856,53.155670166015625,696100
2013-06-12,53.57288660299689,53.80045443848416,52.169561865851506,52.18852615356445,1251500
2013-06-13,52.15058114197187,52.81431653446489,51.79026702312133,52.65312194824219,1015100
2013-06-14,52.662607256671805,53.41168012777427,52.48244838406385,52.937583923339844,660100
2013-06-17,53.50649871615519,54.1797144683501,53.1177399674304,53.87629318237305,732400
2013-06-18,53.923708805478306,54.96672277104293,53.89526418670379,54.786563873291016,542200
2013-06-19,54.69173566251351,54.82448201430017,53.77198791503906,53.77198791503906,699100
2013-06-20,52.70053446111568,53.278928777263175,52.425557801543775,52.65312194824219,911100
2013-06-21,53.07033186767259,53.51597985355204,52.54882313355767,52.96603012084961,1268900
2013-06-24,52.406595756724705,52.55830640002154,51.80923351627656,51.92301559448242,916900
2013-06-25,52.64364735063662,52.766913386815254,52.06524935441452,52.52986526489258,707400
2013-06-26,52.98500056131283,53.16515584317392,51.752350973110474,52.036808013916016,957300
2013-06-27,52.50141816142343,52.899660895705814,52.28333431860558,52.81432342529297,784600
2013-06-28,52.69104131740481,52.75741448336565,52.19798092950549,52.27383804321289,587200
2013-07-01,52.605717159953045,53.09877767238756,52.40659761177772,52.548824310302734,524700
2013-07-02,52.42556645703986,52.90914306141298,51.45840963122612,51.79027557373047,603300
2013-07-03,51.19291375272362,52.169550852829246,51.19291375272362,51.73338317871094,292200
2013-07-05,52.25488761242605,52.567789246722924,51.40151294240327,52.49193572998047,356200
2013-07-08,52.776393954955644,52.95654922627407,51.93250321588767,52.074729919433594,692700
2013-07-09,52.520373650706254,53.658205193316654,52.520373650706254,53.07980728149414,625700
2013-07-10,53.07981745550073,53.269456685129114,52.38763734186446,53.14619064331055,505700
2013-07-11,53.942663391868706,54.28401322406074,53.78147242503738,54.0659294128418,534500
2013-07-12,54.13230241889879,54.7865538504946,54.13230241889879,54.7675895690918,631000
2013-07-15,55.09946020789069,55.41236181484282,54.65380862837274,54.852928161621094,579100
2013-07-16,55.00463745785477,55.30806234211195,54.35038602867559,54.521060943603516,831800
2013-07-17,54.90034038623823,55.31754373233838,54.51158165414787,54.95722961425781,284300
2013-07-18,54.97619274805213,56.29417955330073,54.90033923992087,56.123504638671875,425200
2013-07-19,56.180408020708576,56.46486505942524,55.93387955170546,56.43642044067383,661800
2013-07-22,56.41745376586913,56.70191079253568,56.25626277701612,56.41745376586914,562300
2013-07-23,56.5596893413521,56.654507153359106,56.03818052411056,56.398494720458984,458600
2013-07-24,56.483827253558474,56.55020043956667,56.18040594121602,56.31315231323242,532100
2013-07-25,56.0192109738547,57.02429264322292,56.0192109738547,56.967403411865234,867600
2013-07-26,56.597607880547706,57.68803068036666,55.734752867645376,55.933876037597656,1198300
2013-07-29,55.66836865394716,56.07609162930258,55.13738328478963,55.17530822753906,1306400
2013-07-30,54.62537257333052,56.33211841458079,54.04697454768589,54.890865325927734,1195300
2013-07-31,54.32194811122027,57.005330951903005,53.3358270627637,56.13299560546875,1027600
2013-08-01,56.938956171873464,58.351764520651585,56.90102760559564,58.30435562133789,1126600
2013-08-02,58.15264900198538,59.100841522216804,57.93456153931283,59.1008415222168,1278100
2013-08-05,58.39917304130513,58.76896751744828,57.83973935206964,58.057823181152344,1285600
2013-08-06,57.83973552459011,57.896628369873135,56.313145204964485,56.40796661376953,1502500
2013-08-07,56.37004374069067,56.673465045362775,55.98128496801283,56.332115173339844,790900
2013-08-08,56.626054267354824,57.593211000332744,56.626054267354824,57.50787353515625,695500
2013-08-09,57.50787213899323,57.887146939517486,57.09066515622936,57.725955963134766,503200
2013-08-12,57.384612432400544,57.91560155211055,57.213937487389025,57.792335510253906,409800
2013-08-13,57.81128993148537,58.05781835606988,57.1475545493576,57.820770263671875,295700
2013-08-14,57.73541642603958,58.20003214683639,57.4888880713958,58.086246490478516,308700
2013-08-15,57.61217868902913,58.11472320835671,57.33720559400187,57.91560363769531,802500
2013-08-16,57.820768928677666,58.45605968251115,57.69750291069801,58.237972259521484,668500
2013-08-19,58.09575530899828,58.5129587097262,56.787248637211235,56.86310577392578,1167500
2013-08-20,56.92000166962608,57.49839974501732,56.360567880632495,57.0243034362793,836400
2013-08-21,56.95791907959111,57.346677831883156,56.69242635619178,56.72087097167969,737600
2013-08-22,56.9579150407877,57.62165041928858,56.82516868850089,57.22340774536133,832500
2013-08-23,57.308760980534274,57.308760980534274,56.38901659344617,56.76829147338867,804500
2013-08-26,56.8251781218244,57.176008342117605,56.59761032507879,56.74932098388672,494100
2013-08-27,56.076106669731004,56.322638757591825,55.13739807344273,55.232215881347656,701600
2013-08-28,55.35547498288863,55.782162299082955,55.13739115840421,55.57355880737305,673400
2013-08-29,55.48822543077065,55.87698421036438,54.97620061362749,55.071022033691406,626900
2013-08-30,55.118435362937255,55.611495935675926,54.73915688634823,55.26066207885742,758300
2013-09-03,56.25625366682486,56.26573399878264,55.118422127352865,55.53562545776367,1075700
2013-09-04,55.507189668753185,56.36056074621677,55.30807011238508,56.17092514038086,740800
2013-09-05,56.02869542127701,56.42693453829452,55.924393666705555,55.96232223510742,746800
2013-09-06,56.14247695240868,56.46486254649133,54.99516489764027,55.071022033691406,1212200
2013-09-09,55.95284288518336,57.3372068091416,55.2322181116315,55.40289306640625,1187800
2013-09-10,55.82009440355349,55.82009440355349,55.393407032656555,55.47874450683594,1372000
2013-09-11,55.09946627148534,55.37444296217483,54.20816301436317,54.625370025634766,2061500
2013-09-12,54.64432852654165,55.431326330491125,54.46416965726145,55.05205154418945,1049500
2013-09-13,55.22272659242853,55.364953281222334,54.777075009994036,54.90034103393555,861200
2013-09-16,55.87697528131194,56.000241299163655,55.30806132010932,55.53562545776367,992400
2013-09-17,55.488218541403434,55.92438616834127,55.289099009592704,55.810604095458984,751500
2013-09-18,55.74423641312292,56.75880207091146,55.6683792790126,56.58812713623047,1117700
2013-09-19,56.81568380859597,56.938949826728845,56.426925090238534,56.635528564453125,925300
2013-09-20,56.59761045585562,56.749321115014105,55.61149297985921,56.00025177001953,1246700
2013-09-23,55.715794898877114,55.914918091398256,55.099471886701934,55.251182556152344,577000
2013-09-24,55.15635716417367,55.70631056208534,55.004646505623455,55.20376968383789,651700
2013-09-25,55.14687998270776,55.49771022245865,54.68226402973959,55.26066207885742,598700
2013-09-26,55.42185047318278,55.639934306755706,54.88138105583526,55.24169158935547,469800
2013-09-27,54.83396814533759,55.1279054739706,54.63484499266758,54.79603958129883,482700
2013-09-30,54.24609226297036,55.184804433045905,54.24609226297036,55.16584014892578,1077600
2013-10-01,55.1848000564109,56.18988171559412,55.023605462707685,55.57355880737305,886400
2013-10-02,55.26065655700897,55.79164564776169,54.93827096924255,55.58304214477539,752400
2013-10-03,55.47873911049856,55.734751508134764,53.92370405854578,54.35039138793945,711100
2013-10-04,54.38831936331014,54.7012209900871,54.189199817445974,54.55899429321289,557600
2013-10-07,54.08489531003669,54.558991509562816,53.69613657110794,54.293495178222656,690000
2013-10-08,54.21764777337321,54.46417623338232,53.07981604295013,53.36427307128906,744900
2013-10-09,53.43064640392893,53.63924991324792,52.90914124769883,53.212562561035156,687600
2013-10-10,53.828875891765094,54.39778981000157,53.77198305311486,54.388309478759766,550300
2013-10-11,54.321959117793874,55.270151791029996,54.31247516550343,55.13740539550781,485500
2013-10-14,54.7486358030231,55.412367650416364,54.63485010026943,55.327030181884766,376200
2013-10-15,55.23221120250072,55.279620102437065,54.359875869056914,54.64433288574219,484100
2013-10-16,54.98568369670887,55.82957442809411,54.63484987360816,55.78216552734375,1000700
2013-10-17,55.526154484404465,56.891550391660054,55.47874196542419,56.86310577392578,848800
2013-10-18,57.09067230249505,57.223418680148285,56.37004755934856,56.5312385559082,1132900
2013-10-21,56.52175589284504,56.88207005810442,56.30367205039176,56.86310577392578,526200
2013-10-22,57.289787349718644,57.65958545166824,57.08118746574772,57.44150161743164,866500
2013-10-23,57.17600315334223,57.28978523285549,56.38900531253043,57.11911392211914,534900
2013-10-24,57.21393652320021,57.5932149761824,56.891550923285564,57.5552864074707,441800
2013-10-25,57.469951476472794,57.678554996539646,56.57864815769083,57.422542572021484,558000
2013-10-28,57.44149548607518,57.82077026367188,57.04325280997179,57.820770263671875,655100
2013-10-29,57.83973381086813,58.02937300579253,57.450975088953165,57.981964111328125,465200
2013-10-30,58.010419661307566,58.010419661307566,57.22341811997114,57.488914489746094,310700
2013-10-31,57.36563089460736,57.972473353439526,57.005316828275866,57.66905212402344,660700
2013-11-01,57.64062246528041,58.038861575786854,56.90102986180552,57.77336883544922,656500
2013-11-04,57.8966357140112,58.41814086885726,57.47942869648046,58.36124801635742,684800
2013-11-05,57.953519141186824,58.588809937362,57.40356942374196,58.38969039916992,975700
2013-11-06,58.588809996518975,58.80689381719722,58.057820943736935,58.78792953491211,517400
2013-11-07,58.96808933281775,59.034462517394275,57.963007613763324,58.029380798339844,604200
2013-11-08,57.86819004655688,58.806902260579754,57.71647938356069,58.77845764160156,455800
2013-11-11,58.77845698460334,58.93964797976803,58.55088918411893,58.83534622192383,348200
2013-11-12,58.787933663825775,58.93964431569489,58.27590885736728,58.88275146484375,531800
2013-11-13,58.68362243732843,60.02057347139262,58.636213544474145,60.01109313964844,779900
2013-11-14,60.08695033771728,60.44726445627459,59.432698895158154,60.16280746459961,601200
2013-11-15,60.16280782195732,60.80757531895253,59.97316862069195,60.45674514770508,861700
2013-11-18,60.60846424688055,60.94033018262673,60.286082261908504,60.44727325439453,1094000
2013-11-19,58.3138384802622,58.56036693761222,56.14247679720993,56.91999435424805,2871300
2013-11-20,57.17600584611024,57.56476461840109,56.73983817321167,57.03377914428711,1846300
2013-11-21,57.26133753350535,57.54579452550298,56.701903881847684,56.957916259765625,879200
2013-11-22,57.071696909150816,57.251855772672116,56.79672387341856,56.97687911987305,851600
2013-11-25,57.014810731682985,57.13807314092306,55.81060593470449,56.2372932434082,1404500
2013-11-26,56.237302482860684,57.261348574927254,56.237302482860684,57.01482009887695,836700
2013-11-27,57.194969598814396,57.49839090036774,56.616571612394814,56.739837646484375,1050800
2013-11-29,56.89154573867939,57.157038461331766,56.60708873339941,56.6734619140625,384700
2013-12-02,56.60709140326215,56.8915484219585,55.9528362814866,56.389007568359375,723300
2013-12-03,56.161434681884195,56.218327527282646,55.36495293164044,55.55459213256836,801900
2013-12-04,55.336508538182436,55.88645824429328,54.530542835290916,55.05205154418945,577300
2013-12-05,54.9003441530184,55.32702786070815,54.44520859523297,54.55899429321289,1093700
2013-12-06,55.57355670373667,56.483820532450125,55.07101589316783,55.45029067993164,588200
2013-12-09,55.47874261709978,55.75371931531896,55.16584096714521,55.3554801940918,801900
2013-12-10,55.308063703308896,55.67785815573155,55.127904834747255,55.55459213256836,549200
2013-12-11,55.54511562912922,55.592524528362546,54.60640350921395,54.653812408447266,785300
2013-12-12,54.50209724961574,54.72966501099431,53.5539048751609,53.56338882446289,888700
2013-12-13,53.81940460205078,54.13230986262427,53.50650295854463,53.81940460205078,575500
2013-12-16,54.09438597269544,54.48314478586383,53.942675304558215,54.35988235473633,499800
2013-12-17,54.388323537730194,55.45978209834152,54.00904508282095,55.20376968383789,1137800
2013-12-18,55.27961286504411,57.17599755075448,54.957227323790676,57.090660095214844,1642000
2013-12-19,56.77776299909675,57.55528049244316,56.58812379209511,57.43201446533203,1465700
2013-12-20,57.5742488396434,58.22850035206943,57.507875655066876,58.029380798339844,1608200
2013-12-23,58.15263723705609,58.48450310516994,57.5742393380005,57.953514099121094,523300
2013-12-24,58.076789258676556,58.38969451250742,57.93455894019576,58.28539276123047,194600
2013-12-26,58.43710029312564,58.731037630594535,58.42761634329739,58.626739501953125,326100
2013-12-27,58.65519124469241,58.844830476563594,58.29487706584391,58.531925201416016,316100
2013-12-30,58.59830205791389,58.79742163616195,58.361253907503986,58.484519958496094,486800
2013-12-31,58.6741521827051,59.79301960814859,58.54140581308762,59.726646423339844,643800
2014-01-02,60.37140656593097,60.77912957510019,59.413733862087085,59.622337341308594,1545700
2014-01-03,59.584420989868704,59.72665132159036,58.816383709293426,59.06291580200195,1265800
2014-01-06,59.35685109087029,59.48011713288082,58.512960315630636,59.13876724243164,1107800
2014-01-07,59.26202399645934,59.92575938863306,59.12927764143797,59.66026306152344,914300
2014-01-08,59.66027754269728,60.295568475016516,59.21462947367847,59.82147216796875,681000
2014-01-09,60.04902836476939,60.47571206487635,59.57493214947982,59.97317123413086,720000
2014-01-10,59.973170835289416,60.49467594522635,59.593892418753256,60.42830276489258,863400
2014-01-13,61.243750549826665,61.91697359578116,60.86447933436491,61.0067024230957,1453300
2014-01-14,60.845504859616746,61.40494214001261,60.49467468273601,61.19633865356445,851100
2014-01-15,61.40494512060509,62.2203912067747,61.40494512060509,61.90748596191406,732300
2014-01-16,61.9074780172132,62.191931375381294,61.660945986160826,62.05918502807617,534400
2014-01-17,62.1919457896486,62.46692249683597,61.77474598748073,62.32469940185547,639500
2014-01-21,62.324698093845754,62.817755025745456,62.040237441584644,62.637596130371094,689200
2014-01-22,62.922048307840946,63.41510517333222,62.47639672191837,63.348731994628906,1036800
2014-01-23,58.31383225795479,62.22038752732874,57.32771129964291,61.25322723388672,2128300
2014-01-24,61.38599058773483,61.698895900732914,59.49908922589014,59.73613739013672,1703200
2014-01-27,59.26202531692097,59.95420533857457,58.32331324439147,59.043941497802734,1034700
2014-01-28,59.35685698477324,59.87836582311408,58.6172678934067,59.461158752441406,811600
2014-01-29,58.82586251548227,59.3284033740284,58.29487342283941,58.57933044433594,958900
2014-01-30,58.98705718766636,59.01550542354091,58.15265035474115,58.531925201416016,747000
2014-01-31,57.74492482048468,58.133683601634495,57.38461065693423,57.56476593017578,829000
2014-02-03,57.5837229275578,57.85869958644697,55.27013481751156,55.459774017333984,1792100
2014-02-04,55.9433537088392,56.63553375288356,55.32702717877938,56.21833038330078,770900
2014-02-05,56.00973127498046,56.10454907915121,55.18480480407927,55.61149215698242,603800
2014-02-06,55.677855233782196,56.43640838061845,55.677855233782196,55.9433479309082,531700
2014-02-07,56.37952349448956,56.75880192996486,56.00024867608149,56.739837646484375,714200
2014-02-10,56.55968663598225,56.76828653583342,56.11403498331691,56.28470993041992,823400
2014-02-11,56.43641367403279,57.090665146344115,55.990762076000216,56.825172424316406,736100
2014-02-12,56.87258257764564,57.744921510383804,56.62605413275904,57.659584045410156,713700
2014-02-13,57.11912836836742,57.30876400982875,56.42694453217517,57.12860870361328,929600
2014-02-14,57.375121297632525,57.54579622127397,56.796726964255434,57.337196350097656,1106700
2014-02-18,57.33720272466639,57.991454259984856,56.64502262052927,57.801815032958984,1103200
2014-02-19,57.669069099831766,58.80690085361416,57.024297893257334,57.14756393432617,1158600
2014-02-20,57.54579695449425,58.323314453404436,57.232895335209435,57.87766647338867,989100
2014-02-21,58.0293801641877,58.0293801641877,56.93895737165998,56.986366271972656,810100
2014-02-24,57.090669292823954,57.725960145760354,56.91051402080152,56.91999435424805,805700
2014-02-25,56.967412930040155,57.185496793172206,56.53124158670835,56.89155578613281,922600
2014-02-26,57.07168791816162,57.545784023995694,56.81567558696328,57.19495391845703,1456700
2014-02-27,57.18549443269735,58.000936993635605,57.090673006727165,57.422542572021484,906200
2014-02-28,57.66906451545233,58.01989470914808,57.21393257353339,57.50787353515625,1157200
2014-03-03,56.79673199872392,57.41305495133383,56.28470718241367,57.27082824707031,1177300
2014-03-04,57.82077495520898,58.45606577525743,57.81129462225324,58.408653259277344,1348900
2014-03-05,58.38020506243076,58.73103523334806,58.15264091478,58.60777282714844,711400
2014-03-06,58.607769484677554,60.10591149198282,58.5698409232099,59.802490234375,1158200
2014-03-07,60.16282208777398,60.22919528139525,59.51805082082361,59.82147216796875,556300
2014-03-10,59.54649368200048,59.86887930594817,59.176699152162655,59.593902587890625,941000
2014-03-11,59.58441782623522,59.91628375987521,59.394778599697766,59.6033821105957,863900
2014-03-12,59.38529050371617,59.707676061570155,59.23357986573,59.555965423583984,1040500
2014-03-13,59.61286107393508,59.774055678760156,58.54140616020244,58.721561431884766,905000
2014-03-14,58.55087699335302,59.37580331635113,58.55087699335302,59.34735870361328,759100
2014-03-17,59.56545057474765,60.47571447630368,59.54648629133183,59.99213790893555,1028800
2014-03-18,60.124885639445026,60.71276397039997,59.973174985744805,60.67483901977539,596600
2014-03-19,60.68431531386262,60.81706167488097,60.143845919963894,60.475711822509766,775500
2014-03-20,60.34296994401954,60.84551081008185,60.143850387700596,60.81706619262695,515700
2014-03-21,61.29115902450779,62.18246223712636,61.167896611029704,61.46183395385742,1803000
2014-03-24,61.594578023516625,61.641990537622505,60.37140894775151,60.39037322998047,1122200
2014-03-25,60.627426645320405,60.79810520033839,60.3619339049826,60.523128509521484,807700
2014-03-26,60.73173853259632,60.92137415772106,59.878363751264196,59.88784408569336,983500
2014-03-27,59.660268953122426,59.89731707251735,59.43270478406096,59.584415435791016,842900
2014-03-28,59.73612483923365,60.41882456628639,59.73612483923365,59.84990692138672,703400
2014-03-31,60.39037942566875,60.5041651307162,60.03006887755391,60.21022415161133,758700
2014-04-01,60.513647407948454,60.580020596157674,60.05851542434205,60.48520278930664,770100
2014-04-02,60.67483727866171,61.15841384312101,60.42830521280623,61.04462814331055,629800
2014-04-03,61.05411595152077,61.39546583838777,60.69380539722109,60.99722671508789,625100
2014-04-04,60.97825619604935,61.651471990102024,60.47571533810401,60.58001708984375,785500
2014-04-07,60.44727447186854,60.50416732645695,59.309442699572806,59.63182830810547,1024000
2014-04-08,59.36632480503871,59.84990132174551,59.318915909999504,59.574928283691406,811900
2014-04-09,59.84991013199709,60.14385111181689,59.52752453437992,60.05851364135742,722600
2014-04-10,60.06798943594345,60.33348577790387,59.44218257221843,59.51803970336914,986600
2014-04-11,59.034463511894735,59.58441689858456,58.256945950556755,58.26642990112305,1028800
2014-04-14,58.73104079746913,58.98705320063078,58.200055324601024,58.683631896972656,372000
2014-04-15,58.825862231059865,59.07239068394696,57.507875264746794,58.88275146484375,672800
2014-04-16,58.20954663365791,60.09645161257053,58.20954663365791,59.73613739013672,515600
2014-04-17,59.660265599087026,60.67483482076119,59.65078526635379,60.42830276489258,406100
2014-04-21,60.41882146185739,60.58001243520302,59.906796692876604,60.39037322998047,768600
2014-04-22,60.44728275441674,61.62303964047399,60.17230601182975,61.272212982177734,806500
2014-04-23,61.13945441591456,61.36701858601282,60.42830643742248,60.58001708984375,722800
2014-04-24,60.68431526064328,60.80757767172819,59.72664250194576,60.07747268676758,639100
2014-04-25,60.03954744601281,60.03954744601281,58.84482651467691,58.88275146484375,782700
2014-04-28,59.091355480397894,59.45166963811431,57.99145234053428,58.97757339477539,967600
2014-04-29,52.69105733896639,55.01412970516217,52.62468415282371,54.113346099853516,3833700
2014-04-30,54.12283027401493,54.824490706726095,53.468575126381616,54.71070861816406,1982200
2014-05-01,54.69174358757041,55.37444334376128,54.32194909198946,55.071022033691406,1790700
2014-05-02,55.03308420505727,55.46925181275385,53.7435420457224,53.83835983276367,3309500
2014-05-05,53.64872996800836,54.08489762212214,53.22204264678092,53.71510314941406,2720800
2014-05-06,53.734060611344596,54.14178362542215,53.63924281986618,53.70561599731445,1680100
2014-05-07,53.89526225723224,54.16075500180295,53.44013028779644,54.113346099853516,1658200
2014-05-08,53.923689572990924,54.35037678776334,53.31684714178847,53.63923263549805,805800
2014-05-09,53.63925313980135,53.819408425098096,53.165156857061675,53.222049713134766,1067300
2014-05-12,53.459088273540566,53.69613637242653,53.05136525409136,53.34530258178711,1327700
2014-05-13,53.49702775042768,53.686667004456716,52.91863327038759,52.95655822753906,1087600
2014-05-14,52.94705859644632,53.08928888940054,51.61010758752965,51.65751647949219,1313900
2014-05-15,51.65752770155877,51.723900888138544,49.84648014545202,51.06016540527344,2838800
2014-05-16,51.20239117372967,51.2118715065116,50.386945105935844,50.519691467285156,1182800
2014-05-19,50.491258635464305,50.83260856835042,50.42488543929955,50.567115783691406,1289000
2014-05-20,50.424880632428675,50.79467515211446,49.8464825920719,50.178348541259766,1028600
2014-05-21,50.273164423104014,50.45331968749926,50.007671693033714,50.30160903930664,1212400
2014-05-22,50.34900921423742,50.50071983614177,49.960250519540864,50.415382385253906,1351000
2014-05-23,50.282645896440904,50.91793673688809,50.282645896440904,50.58606719970703,771100
2014-05-27,50.81363811130354,51.73338602800421,50.72830063844402,51.695457458496094,1470200
2014-05-28,51.70493810036256,52.14110941816934,51.49633820096018,51.79027557373047,2050700
2014-05-29,51.923012589270584,52.03679827795779,51.54373781151376,51.91353225708008,1116200
2014-05-30,51.904051677854426,52.27384612166072,51.828194552423994,52.21695327758789,737700
2014-06-02,52.19799225094523,52.67208846324639,52.06524589023162,52.62467956542969,883600
2014-06-03,52.40659981783951,52.58675509038173,51.723900061566134,52.12214279174805,1192900
2014-06-04,51.989399263764916,52.643650821259946,51.93250640860849,52.2833366394043,598600
2014-06-05,52.264377711680545,53.27894355502868,52.264377711680545,53.06085968017578,713200
2014-06-06,53.16514618323392,54.07540999524659,53.14618190168363,53.762508392333984,783900
2014-06-09,53.59184094427504,54.21764785438268,53.54443204232561,54.113346099853516,1109700
2014-06-10,53.80992072404632,53.8857778550918,53.373753071736054,53.5159797668457,1122200
2014-06-11,53.27892203132284,53.27892203132284,52.01782820062041,52.14109420776367,1381000
2014-06-12,52.141107367163556,52.35919120895473,51.72390035063493,51.818721771240234,757300
2014-06-13,51.85664403269515,52.1411046626892,51.714417334765294,51.904056549072266,569500
2014-06-16,51.74286463475599,52.141107367163556,51.524780792964826,51.818721771240234,705100
2014-06-17,51.67647320801122,52.2169424549499,51.3540877258841,51.85662841796875,727200
2014-06-18,51.87560272216797,52.14109904039655,51.031712107417846,51.87560272216797,1369500
2014-06-19,51.84716878102315,52.188518676816805,51.610120644173946,52.036808013916016,688900
2014-06-20,52.23592365777299,52.89965911451669,52.19799509062941,52.78587341308594,1364900
2014-06-23,52.71950531655237,52.97551774387588,52.1505912227674,52.321266174316406,1095500
2014-06-24,51.970416583870254,52.37813952550964,51.64803108622671,51.72388458251953,1043600
2014-06-25,51.67648938756484,51.81871970426576,50.491248805281245,50.79467010498047,1428100
2014-06-26,50.870524814851194,50.89896943000933,50.10248765197827,50.57658386230469,784700
2014-06-27,50.48176230192214,51.02223165201839,50.377460564698865,50.775699615478516,928300
2014-06-30,50.79466813983276,50.97482339922581,50.17834161406289,50.519691467285156,855100
2014-07-01,50.56710142489388,50.8800030298108,50.37746222524311,50.45331573486328,1137100
2014-07-02,50.45330678641372,50.737763726904866,50.16884984592257,50.320560455322266,1152300
2014-07-03,50.491248805281245,50.89897185495218,50.33953815543163,50.79467010498047,968500
2014-07-07,50.6714124925726,50.83260711942656,50.14990727311389,50.78519821166992,961900
2014-07-08,50.58607645368027,50.96535496067993,50.33006762108359,50.567115783691406,1356000
2014-07-09,50.56710718705028,50.89897311145533,50.42487686683824,50.529178619384766,536200
2014-07-10,50.17834351923599,50.699852268719034,50.055081103055635,50.39643096923828,1037500
2014-07-11,50.31109606857781,51.287733200023645,49.922337282724556,51.06016540527344,1288700
2014-07-14,51.47736545830355,51.90405275503786,51.363579767796466,51.40150833129883,1130200
2014-07-15,51.40151961539717,51.93250876979677,51.40151961539717,51.55323028564453,1220100
2014-07-16,51.57218454590075,51.70493090442777,51.259282931810915,51.53425598144531,863600
2014-07-17,51.29719908055448,51.629068537015804,51.08859924596324,51.24979019165039,928600
2014-07-18,51.38254935568479,51.799756363160796,51.173949469014055,51.73338317871094,781400
2014-07-21,51.46789280756366,51.85665162613925,51.44892852164927,51.55323028564453,550300
2014-07-22,51.704934944612944,51.9040581150298,51.439442206813496,51.73338317871094,854300
2014-07-23,52.10317799713332,52.10317799713332,51.60063351832699,52.027320861816406,623500
2014-07-24,52.15057302526992,52.15057302526992,51.70492151650184,52.00834274291992,1125600
2014-07-25,51.79027556654211,51.837684470169364,51.01275797243912,51.19291687011719,883000
2014-07-28,50.69984462191375,51.202385395182915,50.3679751389272,51.14549255371094,1324900
2014-07-29,51.06016577414963,52.15058861938186,49.65684127807618,49.65684127807617,1982300
2014-07-30,49.78010260540506,49.92233291681877,48.8413905076222,49.0689582824707,1602800
2014-07-31,48.727615519336254,49.0215565177328,48.10180856877233,48.17766571044922,1311600
2014-08-01,47.95957127413107,48.424183504674694,47.21049844211706,47.66563034057617,1411100
2014-08-04,47.68459623942034,47.94060861918834,47.2673892722131,47.89319610595703,1128200
2014-08-05,47.732016417979686,48.27248591955148,47.25792011014003,47.44755935668945,1211800
2014-08-06,47.21998282183863,47.83630935509949,47.115681074634445,47.362213134765625,1048200
2014-08-07,47.58029712164076,47.684598869194744,47.001899152162956,47.40962219238281,933000
2014-08-08,47.49495927609664,48.08283757378854,47.34324863098043,48.063873291015625,809100
2014-08-11,48.26299322135302,49.04051067766766,48.17765576312011,48.55693054199219,668100
2014-08-12,48.604352199390604,48.90777716605296,47.94062025781991,48.09233093261719,566500
2014-08-13,48.2535222428804,48.73710250854492,48.0828472805362,48.73710250854492,536200
2014-08-14,48.822435864436,49.47668742009553,48.61383234651521,49.438758850097656,974000
2014-08-15,49.62839626575986,49.73269802090101,48.386262771819446,48.61383056640625,674500
2014-08-18,48.85088128291955,49.69477208531249,48.85088128291955,49.62839889526367,615300
2014-08-19,49.628393143187395,49.89388587261129,49.48616282838621,49.55253601074219,395500
2014-08-20,50.00767136641127,51.164463694924315,50.00767136641127,51.107574462890625,1566100
2014-08-21,51.05068357432544,51.752347605246925,50.6050319485888,51.58167266845703,1150000
2014-08-22,51.382548140268675,51.382548140268675,50.97482509282547,51.09809112548828,669600
2014-08-25,51.32565975375027,51.56270787281997,51.03171878395963,51.48685073852539,615500
2014-08-26,51.619596667768555,51.86612873506347,51.467886017535996,51.742862701416016,421000
2014-08-27,51.733389345051805,51.9040643017142,51.40151976617816,51.60063934326172,406800
2014-08-28,51.448921559024306,51.72389824196848,51.126535976243915,51.496334075927734,367000
2014-08-29,51.53425735452041,51.667007333651405,50.68088633393799,51.1170539855957,730600
2014-09-02,51.26876649695701,51.8661287650601,50.51021324535551,50.842079162597656,705100
2014-09-03,50.97481811680587,51.10756808146563,50.45331305823309,50.53865051269531,664700
2014-09-04,50.56711321839535,50.82312203800456,50.017159772852054,50.149906158447266,721700
2014-09-05,50.083514242441254,50.567094314405495,49.675791286497436,50.54813003540039,744700
2014-09-08,50.50072160077241,51.060155216792786,50.39642348343528,50.99378204345703,1033400
2014-09-09,51.154986505579586,51.154986505579586,50.576588497245076,50.76622772216797,913500
2014-09-10,50.69036768365852,50.82311404838542,50.111969708433755,50.65243911743164,985700
2014-09-11,50.5007196998194,50.91792662173005,50.3774573065881,50.87051773071289,739000
2014-09-12,50.737777552499736,50.98430962061845,50.43435625102073,50.69036865234375,1229900
2014-09-15,50.557627514997876,50.74726675230624,50.11197584988338,50.4722900390625,670000
2014-09-16,50.40590468933871,50.9179294214372,50.11196376156364,50.63347244262695,1344200
2014-09-17,50.67140477848462,51.02223860002291,49.99818898645265,50.03611755371094,1000900
2014-09-18,50.11197504476784,50.339542849295206,49.87492690620779,50.282649993896484,918000
2014-09-19,50.59555413800238,50.68089161065236,49.71373479297501,49.799072265625,925900
2014-09-22,49.713734940055446,49.732699224819044,48.91725306532164,49.4482421875,1513400
2014-09-23,48.89829046757534,48.91725475299322,48.225074612044885,48.37678527832031,1765100
2014-09-24,48.31989207788899,48.357820648454585,47.58030303719778,47.73201370239258,1363500
2014-09-25,47.58978560094929,47.76046055942324,46.80278761871298,46.954498291015625,1380500
2014-09-26,46.859672904225576,47.23895136149705,46.584699820624564,47.106204986572266,966100
2014-09-29,46.831219977444746,47.35272505087076,46.69847362607087,46.76484680175781,1370700
2014-09-30,46.812253646785784,47.257905192944605,46.07266479747254,46.290748596191406,1354400
2014-10-01,46.28128322898633,46.28128322898633,44.81158176973887,44.89691925048828,2194900
2014-10-02,44.75469240629147,45.020185182541766,43.84442835880378,44.451271057128906,1848300
2014-10-03,44.62193824152497,45.11499875225127,44.58400967522283,44.802093505859375,1372900
2014-10-06,44.90638493308907,45.45633454979752,44.555554818099225,44.887420654296875,1227600
2014-10-07,44.57453220694268,45.247751696967114,44.57453220694268,44.71676254272461,2200700
2014-10-08,44.69779762020124,45.54168843725,44.3374834272018,45.52272415161133,1891300
2014-10-09,45.418420048534045,45.608055645910405,44.65038285771799,44.802093505859375,1578200
2014-10-10,44.78313395763303,45.09603923710843,43.99613601752371,44.29007339477539,1895600
2014-10-13,44.3659257016516,44.99173257535204,43.825456293322446,43.85390090942383,1684600
2014-10-14,44.23317734561888,45.17188580537335,43.86337926761425,44.28058624267578,1626500
2014-10-15,43.50307859810181,44.54608903758364,42.79193413016388,44.299560546875,1899600
2014-10-16,43.48410772828992,44.29955384013496,42.70659018375564,42.88674545288086,2792100
2014-10-17,43.41773129830861,43.74959719480076,43.104826066987165,43.578922271728516,1857100
2014-10-20,43.37032872615625,43.71167500501395,42.92467707124637,43.047943115234375,1277400
2014-10-21,43.19016769171066,44.39437260187746,43.11431417251521,44.223697662353516,1478300
2014-10-22,44.27110517122444,44.43229977217806,43.341876983642585,43.34187698364258,752200
2014-10-23,43.64529711097564,45.22878037591072,43.64529711097564,44.858985900878906,1251200
2014-10-24,44.792612877407244,44.95380385752752,44.195250621823284,44.906394958496094,688900
2014-10-27,44.69779235076864,45.00121365108166,44.214215783728264,44.59349060058594,784600
2014-10-28,44.735720992692514,45.04862262669882,44.46074430848861,44.9443244934082,1673900
2014-10-29,44.93483649634463,45.077066800762886,44.32799394935159,44.74519729614258,1283100
2014-10-30,44.54608079351582,45.133959098767875,44.09094885231418,44.707275390625,961900
2014-10-31,45.209817385688616,45.55116725457618,44.80209433308039,44.99173355102539,1473000
2014-11-03,44.97277001002127,45.14344494728288,44.55556661730805,44.63142013549805,1038600
2014-11-04,44.48919887054293,44.821068479239784,44.08147934528523,44.41334533691406,1577900
2014-11-05,44.821061962496124,45.655472413502956,44.39437459453425,45.446868896484375,1127100
2014-11-06,45.57013172945082,45.901997649447836,45.21929790880569,45.437381744384766,977800
2014-11-07,45.53220526037541,45.97785690239287,45.38997493549869,45.759769439697266,1061000
2014-11-10,45.57961476185064,46.02526640972354,44.87795431314381,45.15292739868164,1212800
2014-11-11,45.04861725642963,45.33307785697386,44.84001739764846,45.114994049072266,934100
2014-11-12,44.95380121442141,45.98733106763442,44.94432088199939,45.892513275146484,1037500
2014-11-13,45.712359843831756,45.9588919209369,44.621940632227805,45.020179748535156,928400
2014-11-14,44.90640524685181,45.579621171710855,44.76417490010447,45.21930694580078,1080200
2014-11-17,45.07707929780438,45.07707929780438,44.50816153947309,44.783138275146484,1071500
2014-11-18,44.830532363530565,45.88302643228453,44.299546971774845,45.22877502441406,2297200
2014-11-19,44.89691114577148,45.133959258720786,44.621938083721325,44.75468444824219,1903300
2014-11-20,44.56505479079026,46.7079685998588,44.51764588144769,46.22439193725586,1435800
2014-11-21,46.907083154329555,47.314806210192884,46.37609406325779,46.537288665771484,1628800
2014-11-24,45.75029389067901,45.87355994399247,44.67883521786962,45.04862976074219,2816200
2014-11-25,45.257227502984556,46.13904681563593,45.133961465445296,45.82614517211914,2079700
2014-11-26,45.75029311371221,45.94941269232849,44.963291516703514,45.010704040527344,1293000
2014-11-28,44.574530283549876,44.6219428048098,43.522039589035806,44.04354476928711,1262400
2014-12-01,43.853905998459844,44.01509699782932,42.93415805573323,43.58841323852539,2461800
2014-12-02,43.14276315595511,44.19525751717188,43.14276315595511,44.166812896728516,2636300
2014-12-03,44.51764696312008,45.475319976553784,44.30904341646267,44.365936279296875,1572400
2014-12-04,44.14783757972451,44.19524647430683,43.522030766864155,43.910789489746094,1087500
2014-12-05,43.90130554058955,44.403849950949215,43.616848556028806,43.910789489746094,1314500
2014-12-08,43.749603212363375,43.75908716332019,42.545398252639295,42.602291107177734,1018300
2014-12-09,42.185076525392155,42.37471208952218,41.805798162999054,42.09973907470703,1738100
2014-12-10,41.76787851910442,41.80580708685326,39.8809774869411,40.03268814086914,2105000
2014-12-11,40.203360407951635,40.53522631103976,39.82408198979344,40.317142486572266,1881200
2014-12-12,39.85252892920866,40.20336275243757,38.885372161865234,38.885372161865234,1598600
2014-12-15,39.07501829511456,39.549114620802634,38.11734530873454,38.29750061035156,2398100
2014-12-16,37.91822574076499,38.72418804804802,37.71910253489556,38.09838104248047,3162800
2014-12-17,38.069921162681794,38.97070092731162,37.766499925046524,38.95174026489258,2439600
2014-12-18,39.65340828790523,40.06113133404311,39.293094141234434,40.05165100097656,1211100
2014-12-19,40.203364730899416,41.08518407342961,40.01372550142898,41.00932693481445,3018800
2014-12-22,41.08519121716508,41.540323276790275,40.952441201506495,41.26534652709961,1365300
2014-12-23,41.46445478700174,42.51694896955972,41.2937798591779,42.21352767944336,1317900
2014-12-24,42.19457530475107,42.41265919250274,41.86270930536117,42.156646728515625,419000
2014-12-26,42.37471962955964,42.65918026050385,42.090262615682605,42.25145721435547,430100
2014-12-29,42.18508362189737,43.13327607032146,42.071297923798134,42.70658874511719,884900
2014-12-30,42.431610971326165,43.01000892866045,42.21352714786796,42.820369720458984,1086000
2014-12-31,42.90570676679856,43.00052456144534,42.27989991775556,42.374717712402344,1041000
2015-01-02,42.48850707477939,42.69710696442556,41.777362702329576,42.32731246948242,776800
2015-01-05,41.83424231367295,41.881651204183555,40.544700236212165,40.80071258544922,1301800
2015-01-06,40.76280616416276,40.79125078797985,39.55860098930814,40.06114196777344,1561100
2015-01-07,40.355073811132655,40.67745940349054,39.37843308356969,39.53014373779297,1540700
2015-01-08,39.90941303899575,40.96190704401975,39.58702752049351,40.952423095703125,1407900
2015-01-09,40.91450968577463,41.161038155496136,39.72926900677847,39.85253143310547,856200
2015-01-12,39.71030513756556,39.81460689713988,38.49661620996233,38.6483268737793,1241800
2015-01-13,38.90433733127206,39.075012271575105,37.842362738216615,38.17422866821289,1651300
2015-01-14,37.5010205568405,37.984600859337434,37.00795991885472,37.82340621948242,1337300
2015-01-15,38.155269198548,38.43024228471691,36.51489293003717,36.56230545043945,1700900
2015-01-16,36.37266467216627,37.04588047524684,36.16406116588941,36.932098388671875,1615800
2015-01-20,36.92261682719163,37.159664966183264,36.66660440303257,36.95106506347656,1170400
2015-01-21,36.865729180432865,37.61479858301611,36.865729180432865,37.52946472167969,1630200
2015-01-22,37.66220182557288,37.766503564260574,37.15965741344733,37.54841613769531,1069600
2015-01-23,37.39670714819149,37.95614081178132,37.16914299656642,37.72857666015625,1266100
2015-01-26,37.73806304435055,38.01303975397067,37.20707752736555,37.89925765991211,1368600
2015-01-27,37.24499907218093,37.60531322363756,36.62867613678818,37.09328842163086,1318500
2015-01-28,37.20706412350547,37.29240156757343,36.33472540447004,36.37265396118164,1780800
2015-01-29,37.48204731528136,37.91821860200763,36.16406035601282,36.74245834350586,2531800
2015-01-30,36.287327571685374,36.47696679594879,35.908049123158534,36.12613296508789,1931200
2015-02-02,36.41059652239253,37.946667489364,36.239921568610406,37.78547286987305,2422900
2015-02-03,38.40179904912731,39.463773713756346,38.38283476369691,38.98967742919922,2172800
2015-02-04,38.6767643255191,38.6767643255191,37.358777622910736,37.73805236816406,1948200
2015-02-05,38.03199609573792,38.88536704854213,37.88028546299049,38.752620697021484,1294500
2015-02-06,38.85693487303124,39.093983038643,38.534549223116535,38.79056167602539,1451100
2015-02-09,38.70521631668252,39.43532495226554,38.70521631668252,39.293094635009766,1249300
2015-02-10,39.44480385731385,39.530141321164145,38.70521491532268,39.31205749511719,1110700
2015-02-11,39.075008989267516,39.899939003793754,38.99915547609751,39.767189025878906,1362600
2015-02-12,39.994761657920264,40.3740401210446,39.947352754296595,40.35507583618164,1416900
2015-02-13,40.630054620494136,41.08519028688187,40.55420108747485,41.028297424316406,1565000
2015-02-17,40.99036265016066,41.01880726860762,40.45937353105693,41.00932693481445,1309000
2015-02-18,40.990363311528476,41.70150772071613,40.93347045664916,41.54979705810547,1383600
2015-02-19,41.27480599658055,41.61615577300137,40.95242049852381,41.54030227661133,1151900
2015-02-20,41.350674548374045,42.147156374655005,40.99036039391981,42.137672424316406,1220200
2015-02-23,42.12819432109039,42.12819432109039,41.51186773087783,41.91011047363281,1173900
2015-02-24,42.014412543323076,42.393687387220965,41.86270188235042,42.20404815673828,892100
2015-02-25,42.327323585462516,42.554891435919835,42.194577179807524,42.43162536621094,1000300
2015-02-26,42.40316929173888,42.48850676048429,42.07129975014347,42.23249435424805,1603600
2015-02-27,42.24197385989712,42.53591482805314,41.8721793749356,42.04285430908203,1564600
2015-03-02,42.042849809090306,42.18508011134467,41.379114427014656,41.90061950683594,2153300
2015-03-03,41.824772996363386,41.95751937157656,41.578240913481096,41.71099090576172,1403700
2015-03-04,41.48342290494868,41.616169279513734,40.90502488685747,41.51186752319336,1134000
2015-03-05,41.682545018320255,41.748918209665696,41.198968393222366,41.578243255615234,1180000
2015-03-06,41.151549727889076,41.76787258950823,40.696414213651174,40.857608795166016,1338400
2015-03-09,40.84813133432007,41.09465977288284,40.649008176444596,41.018802642822266,927200
2015-03-10,40.60160039462263,41.38860186383004,40.52574687954427,41.10414123535156,1914000
2015-03-11,41.09466056129654,41.09466056129654,40.43092512880075,40.810203552246094,1356500
2015-03-12,40.89554409389482,41.4265295861923,40.54471025983554,41.3696403503418,1155200
2015-03-13,41.170520174750145,41.31275050887894,40.53523288099486,40.98088455200195,1124000
2015-03-16,40.99036723951163,41.40757069740343,40.66798159843728,41.39809036254883,682600
2015-03-17,41.11362286126337,41.47393698445177,40.8291658659323,41.23688888549805,665100
2015-03-18,40.94294569543314,42.336789598307185,40.71537794140742,42.31782531738281,1336500
2015-03-19,41.938555086965046,42.02389255918315,41.23689464167611,41.71099090576172,1255300
2015-03-20,41.92907321445448,42.535915831482995,41.72995004187481,42.47902297973633,1517900
2015-03-23,42.48851058867546,42.74452301797828,42.270426730469566,42.6307373046875,869800
2015-03-24,42.678135444321235,42.82036574152283,42.17559466379124,42.77295684814453,970100
2015-03-25,43.000524951684035,43.07638208174349,42.38420204675266,42.62125015258789,1070100
2015-03-26,42.59280873359057,42.962606876184175,42.270426730469566,42.6307373046875,970800
2015-03-27,42.44109387103366,42.54539562270633,41.72994951006611,41.9859619140625,1044400
2015-03-30,42.23249815937264,42.697110495573305,41.91959287342443,42.6307373046875,897600
2015-03-31,42.33679317575896,42.97208036360674,42.185082532611204,42.820369720458984,874400
2015-04-01,42.8488226312879,42.886751203684604,41.90063002377667,42.0144157409668,1176700
2015-04-02,42.004926197736374,42.744518792748366,41.72994951006611,41.9859619140625,860300
2015-04-06,41.8532178370933,43.17120487952234,41.8532178370933,42.90571212768555,1015000
2015-04-07,42.83933397590826,42.91518748890067,42.39368237947657,42.62125015258789,789800
2015-04-08,42.64021937584875,42.924676412397815,42.38420695783435,42.90571212768555,778600
2015-04-09,42.90570340854409,43.626327995830174,42.668655323414015,43.522029876708984,1022100
2015-04-10,43.616861617349834,44.23318828268302,43.446186652090425,44.18577575683594,1301400
2015-04-13,43.75907837633879,44.27109949609907,42.95311270902213,44.01508712768555,1717000
2015-04-14,43.92975260548248,44.4228094365374,43.67374024105009,44.37540054321289,1060900
2015-04-15,44.51763940202321,45.750288950860906,44.30903589079605,45.71236038208008,1510000
2015-04-16,45.55116758802427,45.58909615530437,45.00121421366466,45.28567123413086,1165000
2015-04-17,44.84002209247411,45.12447910573467,44.565045412259785,45.00121307373047,1111400
2015-04-20,45.2287859673046,45.380496632664304,44.887436065978385,44.934844970703125,681300
2015-04-21,45.02018675651873,45.02018675651873,44.47971723336051,44.678836822509766,803000
2015-04-22,44.7072745550153,44.73571917047527,44.07198374556171,44.517635345458984,659200
2015-04-23,44.555571538101596,44.97277497689148,44.23318591178788,44.71676254272461,782200
2015-04-24,44.41333028303896,44.60296947843505,43.493582536461325,43.910789489746094,1394900
2015-04-27,43.9866443287915,44.68830828787082,43.9866443287915,44.24265670776367,888400
2015-04-28,40.5162655070516,41.853216801099315,39.5206640952403,41.7204704284668,3938700
2015-04-29,41.31275554461548,42.14716613127343,41.06622703475213,41.862709045410156,2321000
2015-04-30,41.43600033962944,41.90061249741207,40.53521701586366,40.63951873779297,1575100
2015-05-01,40.53523635864258,41.12311479714678,40.45937920938115,40.53523635864258,1655900
2015-05-04,40.649019720888006,41.25586246544956,40.46886441143007,40.66798400878906,1640600
2015-05-05,40.791233623198245,41.40755645465394,40.4309195325052,40.5826301574707,1932900
2015-05-06,40.90502021647599,41.15155227000648,40.2981776494271,40.7248649597168,1190500
2015-05-07,40.772279761379195,41.16103856325848,40.66797800186347,41.04725646972656,887100
2015-05-08,41.52134989327751,41.8342515332591,41.170516068634704,41.483421325683594,1232900
2015-05-11,41.39808862494982,41.815292065330375,41.22741366818784,41.52135467529297,709200
2015-05-12,41.39808445834691,41.71098971994005,41.06621852974873,41.274818420410156,903500
2015-05-13,41.407566730824286,41.957520143473516,41.29378463812936,41.74891662597656,1036900
2015-05-14,42.02390131987002,42.213540588451686,41.48343175550659,41.99545669555664,939700
2015-05-15,41.966998889489,42.00492745797468,41.5118669188629,41.7204704284668,1054600
2015-05-18,41.66357016478123,42.02388426716919,41.33170429223096,41.96699142456055,862900
2015-05-19,41.84372860415851,41.91958210980797,41.12310040662181,41.473934173583984,813900
2015-05-20,41.55928227320375,41.948041084034955,41.35067874936879,41.88166427612305,620900
2015-05-21,41.94804173741162,42.346280888680226,41.82477568803757,42.023895263671875,568900
2015-05-22,41.824768924080175,42.156634829800886,41.293779857859946,41.312744140625,650300
2015-05-26,41.085190931445716,41.24638195230804,40.620574922541955,40.81969451904297,987900
2015-05-27,40.96190340607535,41.34117811252697,40.62055363832258,41.303253173828125,693800
2015-05-28,41.09466552734375,41.331713666376174,40.80072453279922,41.09466552734375,725100
2015-05-29,41.15155262042827,41.36015249396075,40.791238486774645,41.018802642822266,1531900
2015-06-01,41.13258617380855,41.52134490224764,40.8860541311495,41.19895935058594,835300
2015-06-02,40.9524386659575,41.63513852166032,40.81021194073132,41.39809036254883,1186900
2015-06-03,41.454974877861154,42.25145667682416,41.369637413077,41.957515716552734,1113000
2015-06-04,41.60668422453114,41.60668422453114,40.86709168048695,40.92398452758789,1878500
2015-06-05,40.819686156720074,41.45497700878415,40.69642011968066,41.379119873046875,1652900
2015-06-08,41.10414245463961,41.274817389962635,40.35507314635216,40.44041061401367,1731200
2015-06-09,40.68694081892194,41.17051741178512,40.39299983608046,40.71538543701172,1085200
2015-06-10,41.05673962942892,41.454982409800564,40.942957528066074,41.407569885253906,1012700
2015-06-11,41.36015031788336,41.492896671438146,41.12310222451643,41.19895935058594,522200
2015-06-12,40.86708770647868,41.12310006793717,40.592114681564,40.87657165527344,533600
2015-06-15,40.46886142004352,40.63005242968544,40.023209729980636,40.10854721069336,960300
2015-06-16,40.099069869248076,40.51627335217112,39.99476809425029,40.46886444091797,689600
2015-06-17,40.63004367964123,40.933464964149145,40.29817778004415,40.57315444946289,688800
2015-06-18,40.71537502671813,41.075689104353934,40.49729123729992,40.952423095703125,877000
2015-06-19,40.886059032342175,41.436012411070884,40.829169798037334,41.2843017578125,1794100
2015-06-22,41.54979751859579,41.815290276839995,41.31274937957273,41.49290466308594,1393100
2015-06-23,41.492897554019244,41.73942960192219,41.30326196894551,41.58771896362305,1065900
2015-06-24,41.511856794307754,41.78683342316235,40.79123225417369,40.80071258544922,1064300
2015-06-25,40.82917643713984,40.999851401941854,40.21284977345837,40.298187255859375,828400
2015-06-26,40.29818390418145,40.51626775949715,39.95683400296816,40.042171478271484,1643200
2015-06-29,39.60599997665978,40.00423907857853,38.4112754367691,38.54402542114258,1769000
2015-06-30,38.989667761237506,39.14137838999459,38.42075380766512,38.51557159423828,1666900
2015-07-01,38.904332723546304,39.06552731121544,38.23111699267782,38.53453826904297,1008100
2015-07-02,38.638855977712055,38.875904173894334,38.16475958534749,38.325950622558594,861500
2015-07-06,37.76650712454793,38.24060335086421,37.63375714284295,37.85184097290039,1396500
2015-07-07,37.79495762314334,38.05097005924845,37.235523844336115,37.97511291503906,1836800
2015-07-08,37.62427745879497,38.09837369328879,37.53893999190339,37.794952392578125,2320900
2015-07-09,38.325939304329545,39.39739784743472,37.709616346506145,37.7759895324707,1632200
2015-07-10,38.212157737679746,38.33542377775247,37.766509713992434,38.06993103027344,1109800
2015-07-13,38.28801524571926,38.8853739333265,38.259567010308835,38.71470260620117,759600
2015-07-14,38.62936529722305,39.37843464760165,38.600917061692506,39.16035079956055,1721200
2015-07-15,38.866405892293564,39.10345397902682,38.01303133322715,38.10784912109375,1069200
2015-07-16,38.40180573336257,38.572480714876306,38.14579326109197,38.35439682006836,665800
2015-07-17,38.43023462002938,38.59142919969939,37.57686367900021,37.908729553222656,1273900
2015-07-20,37.86132404239059,38.21215422892609,37.57686703663026,38.16474533081055,950200
2015-07-21,38.13629295168983,38.85691746071803,38.13629295168983,38.66727828979492,1282500
2015-07-22,38.48713587594082,38.91382324825963,38.439726971698185,38.6483268737793,1256300
2015-07-23,38.70520797946659,38.95173999399725,38.17421900876447,38.202667236328125,2182500
2015-07-24,38.221638562246625,38.325936692320354,37.207072940713715,37.510494232177734,1738400
2015-07-27,37.04587534263658,37.66220182557288,36.86572009576398,37.54841613769531,1999900
2015-07-28,37.44412314648971,39.719782959838895,37.33033744302177,39.53014373779297,2804400
2015-07-29,39.7292632675857,40.79123774977711,39.530140113307894,40.47833251953125,2479100
2015-07-30,40.374048957540076,40.77228817562081,40.18440968447237,40.68695068359375,1258900
2015-07-31,40.81968160702979,41.0282850899894,39.49221443319049,39.937862396240234,2016600
2015-08-03,39.72926199531657,40.36454915094996,39.41635677509102,40.345584869384766,1921400
2015-08-04,40.52574161403422,40.772270027341364,40.184391797865345,40.22231674194336,1283300
2015-08-05,40.96192492717947,41.29379092181794,40.37404647221929,40.42145538330078,1790900
2015-08-06,40.5257445886369,41.388599524145754,40.3740339499892,41.23688888549805,2020700
2015-08-07,41.028285008878704,41.426524075123126,40.923983267605095,40.9903564453125,766000
2015-08-10,41.369646156968585,42.32731913790042,41.1515622824409,42.289390563964844,1157500
2015-08-11,41.81528652453105,42.25145781016483,41.33170995582764,42.04285430908203,1472900
2015-08-12,41.55928307866878,42.06182399539175,41.14207602291293,41.87218475341797,2506100
2015-08-13,41.5687635817118,41.91959382969244,41.33171543254991,41.52135467529297,1217300
2015-08-14,41.55928307866878,42.21353466555723,41.52135450686048,41.87218475341797,1124800
2015-08-17,41.5971972291615,41.82476498383626,41.23688674177103,41.663570404052734,1511200
2015-08-18,41.45497827455694,41.53083179554299,40.715385646805295,41.11362838745117,1135700
2015-08-19,40.772274986488135,41.32222833877717,40.59211972473852,40.810203552246094,1423200
2015-08-20,40.57316109214277,40.59212537766274,39.587039947509766,39.587039947509766,1306100
2015-08-21,39.217246870851845,39.47325930922475,38.19319711736023,38.22164535522461,1845800
2015-08-24,36.50541126695713,37.75702507817313,36.04079535023168,36.2778434753418,3069000
2015-08-25,37.38722234850909,37.38722234850909,35.130523681640625,35.130523681640625,2602900
2015-08-26,36.03131400641344,36.04079433964239,34.912446597901535,35.642555236816406,2564000
2015-08-27,36.14509124383154,37.5104905380176,36.06923773696939,37.35877990722656,1975600
2015-08-28,37.20707063810429,38.21215224747788,37.169142074751775,37.889766693115234,1644100
2015-08-31,37.61479934306188,38.6293687699526,37.463088669174375,38.316463470458984,1394000
2015-09-01,37.434635162353516,37.99406881772203,37.20707101407269,37.434635162353516,1674100
2015-09-02,37.946666564347545,37.99407546878299,37.2355221466133,37.89925765991211,1365400
2015-09-03,37.99406773631322,38.733656622775705,37.8423571027551,38.25008010864258,793900
2015-09-04,37.709623203736996,38.013044571055,37.24500720043056,37.387237548828125,1065700
2015-09-08,38.069925271881885,38.23111623930771,37.82339322902646,37.99406814575195,1577300
2015-09-09,38.37334778487222,38.65780478293704,37.64323919903011,37.72857666015625,1051400
2015-09-10,37.74754491479085,37.975109090364384,37.09328977161539,37.7759895324707,1009800
2015-09-11,37.576863721733986,38.10784912109375,37.472561984840674,38.10784912109375,990200
2015-09-14,37.9182167213861,37.956141669469275,37.15017955389562,37.216552734375,1595500
2015-09-15,37.59583870717387,37.59583870717387,37.12174239872057,37.169151306152344,2682300
2015-09-16,37.27344033960075,37.614786526741426,37.15017432873334,37.235511779785156,2768700
2015-09-17,37.20707987892487,37.851847530719006,37.083813825948035,37.169151306152344,2740400
2015-09-18,36.73298699639141,36.74246733193484,35.784794291051156,35.92702102661133,1827300
2015-09-21,36.17354276955052,36.22095166779205,35.73737150135404,36.01234817504883,2275900
2015-09-22,35.452917582093626,35.557219337547885,35.13053198208383,35.47188186645508,1871600
2015-09-23,35.614119096696875,35.68997263178431,34.98831205968619,35.0831298828125,1095700
2015-09-24,34.78918254768308,35.65203760341856,34.39094342214399,35.41498947143555,2343500
2015-09-25,35.746858407434836,35.76582269171317,35.28224248528406,35.42447280883789,1551800
2015-09-28,35.10208523211059,35.36757796291105,34.58058010358091,34.75125503540039,1739100
2015-09-29,34.77021375892149,35.43394916590673,34.65643168308792,35.37705993652344,1901100
2015-09-30,35.69944822909972,35.98390524897131,34.95985563695288,35.4908447265625,2873200
2015-10-01,35.66152232442601,35.75634013243999,34.70384582497423,34.85555648803711,2079000
2015-10-02,34.447840323710196,35.471886493330885,34.18234392508656,35.462406158447266,948300
2015-10-05,35.88908742834071,37.377749478050944,35.56670180895372,37.292415618896484,1529300
2015-10-06,37.216550135783464,38.23111567177579,36.998466326997594,37.70012664794922,1622200
2015-10-07,37.975114964200955,38.98968081180799,37.64324898304647,38.29750061035156,1720900
2015-10-08,38.1457878589358,39.25517508166513,38.079414666309944,39.1224250793457,1470000
2015-10-09,39.226724141917,39.64393117204604,38.828485013594715,39.207759857177734,1024700
2015-10-12,39.226729432654714,39.32155086914019,38.51558493581944,38.79056167602539,680600
2015-10-13,38.53454386496403,39.293097166032716,38.51557958030388,38.76211166381836,1214100
2015-10-14,38.629362888277626,39.075010890367565,38.4112754367691,38.54402542114258,1143600
2015-10-15,38.56297649868933,38.7336513905203,37.614784262768964,38.46815872192383,1248300
2015-10-16,38.373339499767596,38.58193932420774,36.78037631405748,37.28291702270508,1597600
2015-10-19,36.932101083832606,37.44412593638649,36.875208227859645,37.04588317871094,1032300
2015-10-20,36.827795099372246,37.956142818754344,36.818314766331156,37.3018913269043,1423900
2015-10-21,37.46308918730964,37.614799863295396,36.86573043521639,36.91313934326172,831100
2015-10-22,37.064847156629774,37.766511239539874,36.951065062695115,37.150184631347656,1004200
2015-10-23,37.387233420822085,37.899258278037934,37.24500308812848,37.69065475463867,1052100
2015-10-26,37.605311537349834,37.88028820947491,37.463081226370086,37.61479187011719,671400
2015-10-27,37.207076923371744,37.491533962434254,35.83219701465753,35.908050537109375,1321000
2015-10-28,36.107164907932805,37.33033023909731,36.04078811851876,36.87519836425781,1197000
2015-10-29,36.69505137856623,37.207076209292445,36.61919424050274,37.01743698120117,831800
2015-10-30,37.12174283144631,38.27853537795093,37.0174410636399,38.06045150756836,1241900
2015-11-02,38.04148025149914,39.16983158697274,38.00355530230041,39.103458404541016,778100
2015-11-03,39.13191188721117,39.72927428151414,38.79056194760947,39.435333251953125,907100
2015-11-04,39.454287512974965,39.710299902616526,39.18879479056168,39.416358947753906,689400
2015-11-05,39.29309627487566,39.88097823480491,39.01812319620845,39.6723747253418,714900
2015-11-06,39.26466293080569,39.577568284842314,38.77160225045819,39.07502365112305,716500
2015-11-09,39.03708394079764,39.16034998000373,38.221641419692624,38.97071075439453,1243700
2015-11-10,38.961232043714375,39.577558648350355,38.60091786175484,39.34999084472656,831200
2015-11-11,39.549099078167764,39.549099078167764,39.037074379551974,39.39738845825195,520300
2015-11-12,38.91381276681883,39.24567862419671,38.32593093794006,38.33541488647461,845200
2015-11-13,38.458690492761484,39.112942039274145,38.344904784358654,38.61040115356445,1012200
2015-11-16,38.49661142211816,39.34998606062111,38.344900777169535,39.31205749511719,808200
2015-11-17,39.31206547128745,39.55859758001571,38.57247637923831,38.80952453613281,985800
2015-11-18,38.98018792659421,39.691332186163606,38.88536652174491,39.66288757324219,920300
2015-11-19,39.56806902753433,40.56367033945909,39.53962441255754,40.5257453918457,1392600
2015-11-20,40.573157426490404,40.667975228456186,40.05165228154404,40.18439865112305,1621700
2015-11-23,38.36386716125441,41.39808384348947,38.30697792694957,41.2843017578125,2504600
2015-11-24,41.24637261080407,42.298866835465695,41.19896371052694,41.69202423095703,2418900
2015-11-25,41.67306242942725,41.748915950974954,40.95243408085308,41.00932693481445,1185900
2015-11-27,41.00932632904505,41.55927972467893,40.91450852424416,41.21792984008789,609600
2015-11-30,41.341189471600835,41.853214263916016,40.81968434627264,41.853214263916016,1349400
2015-12-01,41.82477506274973,42.79193192331562,41.710992966526575,42.6307373046875,1390300
2015-12-02,42.60228716929557,43.05741911233112,41.67305900013126,41.853214263916016,1208300
2015-12-03,42.05232932640382,42.744512925757604,41.79632057461373,42.41264343261719,1710600
2015-12-04,42.23250132012939,42.8108994129092,41.80581390602396,42.289390563964844,1559600
2015-12-07,41.966998575850425,42.327312739636895,41.454977373389745,41.62565231323242,1344100
2015-12-08,40.96191945759376,41.19896759841656,40.430930320006354,40.79124450683594,1534700
2015-12-09,40.76280275480966,41.47394722730268,40.345595682690345,40.55419921875,1177100
2015-12-10,40.6300541781514,40.86710234399141,40.44989887425745,40.53523635864258,795300
2015-12-11,39.98527796348605,40.40248499901297,39.62496739998055,39.70082092285156,1046300
2015-12-14,39.65341681118111,39.70082572083847,39.093982996261126,39.539634704589844,913000
2015-12-15,39.91890751359326,40.24129314631737,39.653414739726735,39.9663200378418,905200
2015-12-16,40.17491613113567,40.55419458663778,39.68185558580989,40.36455535888672,1312000
2015-12-17,40.393001517816415,40.393001517816415,39.34051081693358,39.44480895996094,677800
2015-12-18,39.24567613343055,39.51116880248309,38.66727828979492,38.66727828979492,1199100
2015-12-21,38.85692117597047,39.22671560524144,38.53453563969663,38.818992614746094,1193100
2015-12-22,38.989676212760315,39.947352703245016,38.8000369814405,39.80512237548828,662400
2015-12-23,40.24128938517337,41.22741047746395,39.947352017884725,41.11362838745117,707900
2015-12-24,41.037764081836,41.331705014853014,40.905017730495025,41.05672836303711,250400
2015-12-28,40.76280225439285,41.0188110783278,40.16543989205313,40.45937728881836,625400
2015-12-29,40.7248638610732,41.094658314325905,40.46885148180589,40.838645935058594,692800
2015-12-30,40.56366655811224,40.9429449354258,40.22231674194336,40.22231674194336,577500
2015-12-31,40.023200798621964,40.392995260166536,39.77667236328125,39.77667236328125,510900
2016-01-04,39.20776804170841,39.767201898561304,38.913830609559625,39.74823760986328,654100
2016-01-05,39.587028396187996,39.937858533267786,38.91381273347454,39.18878936767578,632000
2016-01-06,38.38283172980866,38.78107445823356,38.21215679149332,38.430240631103516,861600
2016-01-07,37.82340834860885,38.21216723276065,37.235529854369915,37.39672088623047,1074200
2016-01-08,37.54842049905264,37.88029003497626,36.59074769244762,36.74245834350586,1070300
2016-01-11,36.846770360766676,37.13122745862453,36.031324027724104,36.41060256958008,1368600
2016-01-12,36.884696786226364,37.14070562741312,36.30629867132495,37.036407470703125,1205600
2016-01-13,37.349298920182605,37.576866692949764,35.87012105693073,36.26836013793945,1376000
2016-01-14,36.55281925021365,36.799351319692015,35.64255534075644,36.39162826538086,875400
2016-01-15,35.206395248167354,35.83220227276436,34.846081016712105,35.689971923828125,1323800
2016-01-19,36.03130124625662,36.22094039728169,34.38144533452427,34.552120208740234,1269900
2016-01-20,34.011671749659236,35.26328584686804,33.37638436539381,34.87452697753906,2028300
2016-01-21,34.95986464778805,35.5003342099692,34.48576828678226,34.722816467285156,984200
2016-01-22,35.47188186645508,36.42007438212302,34.98830527497408,35.47188186645508,973800
2016-01-25,35.196901752336444,35.74685509423355,34.75125377283632,34.817626953125,833700
2016-01-26,34.97881020718871,35.52876342768068,34.646944379006484,35.51927947998047,1762300
2016-01-27,35.46239026204423,36.34420931071842,35.07363159885952,35.51927947998047,1210400
2016-01-28,35.92701435805365,36.11665358733562,35.452918093382436,35.76582336425781,698900
2016-01-29,35.860638646665656,37.19758987426758,35.50980844827759,37.19758987426758,1255500
2016-02-01,36.780389961357415,37.18811304809591,36.17354730678873,37.10277557373047,1082900
2016-02-02,36.15458267537316,36.89417170141074,36.135618390466114,36.65712356567383,1729500
2016-02-03,36.827797929564,36.827797929564,34.31508628371706,35.41498947143555,3067800
2016-02-04,35.29173119399917,36.28733274190114,35.18742942494002,35.462406158447266,1948900
2016-02-05,35.32964319478787,36.002862470818854,34.912439888612695,35.130523681640625,1707200
2016-02-08,34.59006742291235,34.722813815123764,33.158298113544745,33.85995864868164,1245300
2016-02-09,33.5186011393015,33.92632417582487,33.281553030488716,33.660831451416016,1296600
2016-02-10,33.822022108250934,34.153891627679705,33.55652938636156,33.56601333618164,932100
2016-02-11,33.101391540822654,33.73668223376504,32.95916125547344,33.243621826171875,1448000
2016-02-12,33.537558052646034,34.29611111075213,33.13931905354019,34.210777282714844,1125500
2016-02-16,34.88399893850096,35.301202288462825,34.172854645138536,35.2822380065918,1022000
2016-02-17,35.737377037006155,36.82779995080119,35.737377037006155,36.43904113769531,1075900
2016-02-18,36.666594322101446,36.789860333265864,35.63306819263533,36.031307220458984,678200
2016-02-19,35.49084621526588,36.145097750120584,34.78918216088776,36.02183532714844,820700
2016-02-22,36.467482761935294,37.15966285440627,36.467482761935294,36.62867736816406,892800
2016-02-23,36.439036493068016,37.102771937860375,36.078722345826364,36.24939727783203,697500
2016-02-24,35.72789466256286,36.5528211472543,35.3391358716561,36.514892578125,591000
2016-02-25,36.68556674959363,36.97002739500563,35.95545808603306,36.476966857910156,463000
2016-02-26,36.846744537353516,37.13120143585461,36.59073224358283,36.846744537353516,670100
2016-02-29,36.827799327972336,37.074327803086064,36.27784590469679,36.64764404296875,790300
2016-03-01,36.86571591600061,37.68116183466876,36.75193024102384,37.60530471801758,633600
2016-03-02,37.4346333802953,38.02251162194653,37.28292274964122,37.908729553222656,519600
2016-03-03,37.96563621163152,38.59144324294114,37.899263012634144,38.4776611328125,616300
2016-03-04,38.591432246412346,38.733658939278996,38.0794074711315,38.619876861572266,1076000
2016-03-07,38.47765637259836,39.74823094882813,38.47765637259836,39.587039947509766,1154800
2016-03-08,39.26465348013619,39.45429271417427,38.306980592991785,38.6483268737793,861100
2016-03-09,38.96122527753711,38.96122527753711,38.382827343463475,38.63883972167969,599700
2016-03-10,38.70521988350616,38.84745021386897,37.81392018215956,38.49661636352539,569100
2016-03-11,38.80003837523508,39.757714900121925,38.76211342126275,39.587039947509766,709300
2016-03-14,39.33101592943041,39.520655111684015,38.809510891032886,39.34049987792969,509200
2016-03-15,38.91382187763329,39.39739847118367,38.743146934717295,39.21724319458008,621900
2016-03-16,39.08449550981047,40.440411056911394,39.00863837458402,40.18439865112305,961400
2016-03-17,40.184394655089214,41.70150103808067,40.11802147690002,41.58771896362305,1336200
2016-03-18,41.70150426664879,42.260937966888804,41.46445614988721,41.79632568359375,818100
2016-03-21,41.635130433944845,41.89114283010243,41.39808232088046,41.853214263916016,484800
2016-03-22,41.83425555713666,42.45058218008441,41.63513598371697,42.2799072265625,661900
2016-03-23,42.0049330711434,42.09975450502871,41.369645740917164,41.39809036254883,615100
2016-03-24,41.10415095733569,41.15156348467425,40.696427818286516,41.028297424316406,700600
2016-03-28,41.2463765031676,41.29378540791865,40.54471241482238,40.79124450683594,690500
2016-03-29,40.64901151429121,41.274818420410156,40.32662591919555,41.274818420410156,760100
2016-03-30,41.68255094384996,41.71099918494763,41.23690282675898,41.50239562988281,482800
2016-03-31,41.45497971062882,41.521352900191175,41.15155838203875,41.293785095214844,627800
2016-04-01,40.84813705264537,41.50238861420468,40.29818363391946,41.49290466308594,986800
2016-04-04,41.4549747018629,41.50238360052679,40.7153821378512,40.810203552246094,565600
2016-04-05,40.36455790612007,40.6490149571638,40.05165623509226,40.2318115234375,908600
2016-04-06,40.30766822748507,40.48782714710412,39.748234415589764,40.08958435058594,1405300
2016-04-07,39.66288330199147,39.80510996834907,38.809508835580424,38.86640167236328,1457100
2016-04-08,39.340501701089316,39.852522814716174,38.904330476572525,39.06552505493164,503000
2016-04-11,39.31205688275773,39.71977991290619,39.05604449519472,39.32154083251953,694400
2016-04-12,39.29309531674716,39.909421879459195,39.217241798743984,39.63444519042969,971700
2016-04-13,39.78615287707947,40.82916670412838,39.76718859472582,40.7248649597168,557500
2016-04-14,40.83865016564842,40.867094782824694,40.09906118252693,40.18439865112305,810600
2016-04-15,40.042168931634535,40.31714562535343,39.814604756676886,39.97579574584961,752600
2016-04-18,39.71030912391816,40.46886251915098,39.606007353873416,40.39300537109375,339800
2016-04-19,40.58263384367618,41.02828542745844,40.487816050860225,40.734344482421875,371900
2016-04-20,40.886055382656025,41.350671251386345,40.69641617874433,41.13258743286133,515300
2016-04-21,41.09465886866559,41.40756048061298,41.037766022372,41.13258743286133,544000
2016-04-22,41.274827786442266,41.76788843300665,41.24638316241276,41.50239562988281,571100
2016-04-25,41.27481654269858,41.70150387224737,41.09466127780784,41.35067367553711,542700
2016-04-26,41.54032194385939,42.21353786771965,41.54032194385939,42.08079147338867,589800
2016-04-27,42.09974504316379,42.70658761537126,42.052332528343115,42.62125015258789,414800
2016-04-28,42.20403752139615,42.95311030365064,42.061810847175614,42.194557189941406,634500
2016-04-29,42.090257400215755,42.75399276172918,41.97647533217729,42.270416259765625,642300
2016-05-02,42.308342379325154,42.554874420166016,41.91958365375317,42.554874420166016,486100
2016-05-03,42.014406496294164,42.839332870536644,41.65409237194292,42.73503112792969,2139800
2016-05-04,42.668668617468775,42.86778820292068,41.78684917667566,42.14716339111328,1060900
2016-05-05,42.66866238897647,44.20473322220077,42.13767328821386,44.17628860473633,1760200
2016-05-06,44.13836708882271,46.14853449198228,43.977176074680614,46.129573822021484,2808100
2016-05-09,46.5088440903841,47.44755631116313,46.19594242816946,46.689002990722656,2458100
2016-05-10,46.99242950860438,47.969066790461724,46.74589739156773,47.81735610961914,1593000
2016-05-11,47.788899344438725,47.90268142189236,47.41910126284709,47.47599411010742,1135700
2016-05-12,47.69408159455001,48.09232432181755,47.21050501544011,47.229469299316406,1339100
2016-05-13,47.22947194651918,47.59926646016554,46.442470398344625,46.594181060791016,1091900
2016-05-16,46.86915546100888,47.76993905743593,46.802782275520634,47.523406982421875,1307900
2016-05-17,47.40961789448819,47.64666598396063,46.688993294001364,46.76484680175781,1363600
2016-05-18,46.641590316147514,47.55185791475413,46.17697799137065,46.84071350097656,2121500
2016-05-19,46.414014940725075,46.81225398024852,45.83561704488388,46.38556671142578,1052700
2016-05-20,46.80278268806456,47.1156843342576,46.4614328070777,46.67003631591797,1052900
2016-05-23,46.622627581575884,46.783822201601375,45.902002809825454,46.120086669921875,1677500
2016-05-24,46.4614372253418,46.546774703703704,46.15801588384784,46.4614372253418,1198000
2016-05-25,46.916571600621516,47.6182357488342,46.81226983102942,47.42859649658203,873500
2016-05-26,47.580307174970194,47.77942676215443,47.058801944077615,47.42859649658203,606300
2016-05-27,47.324281602231075,47.57081002984001,47.12516207026999,47.551849365234375,566900
2016-05-31,47.570812790121195,48.19662327042601,47.428586094924995,48.063873291015625,1031100
2016-06-01,47.85528261396226,48.35782354431403,47.646679080427056,48.244041442871094,946900
2016-06-02,48.03543741267296,48.41471590298491,47.845798167516996,48.14921951293945,1214600
2016-06-03,48.42420128486752,49.06897261536237,47.87425139536787,48.83192443847656,1037900
2016-06-06,48.945703648302455,49.287053581508125,48.72761977254726,49.268089294433594,840300
2016-06-07,49.19222288564993,49.30600496124328,48.879317656434516,49.087921142578125,619300
2016-06-08,49.29652117806897,50.244713514798335,49.25859261650378,49.8843994140625,1164500
2016-06-09,49.52409996753757,49.82752131570819,49.08793223167578,49.78959274291992,678100
2016-06-10,49.239643277066435,49.4103182388329,48.75606301303883,48.88881301879883,702900
2016-06-13,48.68020466298975,48.94569741408146,48.08284235596596,48.101806640625,774200
2016-06-14,48.092328231187345,48.44315846874908,47.89320504283343,48.37678527832031,524900
2016-06-15,48.62331677255778,48.860364929392894,48.31989542117425,48.386268615722656,1028400
2016-06-16,48.07337138295134,48.36730880973298,47.58031073701047,48.329383850097656,652700
2016-06-17,48.357816581708256,48.79398425532948,48.17766131227356,48.585384368896484,1045000
2016-06-20,49.26808864353217,49.761149249752116,49.220679735006144,49.675811767578125,711900
2016-06-21,49.571504767340485,49.65684224050889,49.106892448920604,49.49565124511719,589200
2016-06-22,49.7042423813945,49.92232980987393,49.46719428850253,49.60942459106445,447300
2016-06-23,50.23523982076507,50.56710937660736,49.969747069745196,50.349021911621094,858900
2016-06-24,47.37169451645026,48.7845028758336,46.87863400233886,47.096717834472656,1802500
2016-06-27,46.65107123230607,47.732010092195985,45.01069865862276,45.181373596191406,1149600
2016-06-28,45.797696557646354,45.977855445724735,44.69779341359138,45.3804931640625,1203200
2016-06-29,46.05371696996825,46.4329954788447,45.32360819147524,46.22439193725586,1112800
2016-06-30,46.357130326343466,47.400144237135734,45.996816166828516,47.229469299316406,1172100
2016-07-01,47.31480421264332,47.95957536134246,46.945006122630225,47.16309356689453,649900
2016-07-05,47.03983789699171,47.03983789699171,45.63651321047897,46.129573822021484,1058200
2016-07-06,46.05371100578643,47.22947133738234,45.759770018620586,47.20102310180664,1022100
2016-07-07,47.32428695811397,47.83631177001918,47.172576304631015,47.38117980957031,870300
2016-07-08,47.77941779195808,48.69916564161185,47.694080325319405,48.59486389160156,548400
2016-07-11,48.860370271933604,49.52410590706036,48.860370271933604,49.16379165649414,1062900
2016-07-12,49.32496170326652,50.510202025960155,49.32496170326652,50.33952713012695,1000200
2016-07-13,50.76623635956503,50.955875616753254,49.85597226554311,50.055091857910156,627200
2016-07-14,50.38694264819274,50.71881215244535,50.0740410427129,50.10248565673828,635600
2016-07-15,50.159373372493725,50.500719557092445,49.81802357082849,49.96973419189453,614300
2016-07-18,49.91285848183143,50.330065545741256,49.49565503498936,49.89389419555664,749400
2016-07-19,49.91285277330807,50.0076741938373,49.47668509007563,49.770626068115234,510200
2016-07-20,49.74216365925436,50.64294700373096,49.35340498853073,50.55760955810547,587900
2016-07-21,50.680888617644726,51.19291342330653,50.2921298467683,50.58606719970703,644500
2016-07-22,50.50073037182906,50.576587507140154,50.14990016368347,50.33005905151367,750700
2016-07-25,50.13091953432926,50.38693185692872,49.93180004466283,50.24470520019531,413700
2016-07-26,50.44384856974534,51.10758413324222,50.37747537510244,51.07913589477539,525600
2016-07-27,51.107575171960264,51.714417769186575,50.984309139065175,51.64804458618164,837700
2016-07-28,51.515292106028625,51.676483069318856,50.870521018734166,51.27824401855469,400700
2016-07-29,51.230837611922304,51.230837611922304,50.53865754806827,50.74726104736328,598200
2016-08-01,50.680890096269124,50.946382840105976,50.13093670738725,50.71881866455078,619500
2016-08-02,50.61449957159472,50.68087273481686,49.96024465259629,50.24470520019531,805400
2016-08-03,50.18783060903991,50.34902160200576,49.780107534156656,50.25420379638672,642500
2016-08-04,50.18782218135306,50.6619183639715,50.045591879740805,50.263675689697266,575500
2016-08-05,50.50072678720651,51.14549792331477,50.4912464544992,50.974822998046875,1176300
2016-08-08,51.126541452125714,51.562712781709585,50.5386630736443,50.624000549316406,1129800
2016-08-09,51.477366366208216,52.994472762390814,50.75673811522126,52.6910514831543,1449500
2016-08-10,52.510903930407764,52.62468602254247,51.67649348159576,51.79027557373047,1237000
2016-08-11,51.64804886045786,52.15058974967495,50.6145188461907,51.591156005859375,1225500
2016-08-12,51.41099325039433,51.50581104387173,50.614511487156435,50.73777389526367,723700
2016-08-15,50.96534922375657,51.70493825037924,50.737781421759394,51.43944549560547,621800
2016-08-16,51.13601502692888,51.420472015758584,50.63347422609417,50.908447265625,742600
2016-08-17,50.99378768185672,51.05068052974946,50.32057192526119,50.519691467285156,798000
2016-08-18,50.6145240236657,51.24033101999432,50.51022225476628,51.17395782470703,521700
2016-08-19,51.04119438820321,51.0791193320819,50.37745903992627,50.946372985839844,790700
2016-08-22,50.83259921623007,51.35410435460779,50.49124934614509,51.2877311706543,537900
2016-08-23,51.41099931378429,51.93250447355003,51.41099931378429,51.80923843383789,406200
2016-08-24,51.5721752558992,51.97041787680944,51.19290053086686,51.30668258666992,418000
2016-08-25,51.2403186495832,51.60062916070883,51.11705262363654,51.53425598144531,763600
2016-08-26,51.79974677244642,52.3781446587626,51.39202379084867,51.65751647949219,716600
2016-08-29,51.581666374409494,52.27384637045587,51.51529319787538,51.91353225708008,909500
2016-08-30,51.91353635136186,52.017838099017716,50.65243866362058,50.70933151245117,780700
2016-08-31,50.42487437213482,50.42487437213482,49.62839257590031,49.96025848388672,745900
2016-09-01,49.98870484367762,50.29212612448656,49.04051243688293,49.334449768066406,1017300
2016-09-02,49.704251298627426,49.74217986839079,49.22067469388077,49.543060302734375,956400
2016-09-06,49.74218064104854,50.05508592085548,48.73709884617968,48.98362731933594,709000
2016-09-07,48.83191933646367,49.17326925424552,48.61383547056254,49.097412109375,802100
2016-09-08,49.17327310227334,49.38187664992369,48.869851733182685,48.89829635620117,740800
2016-09-09,48.537966692737,48.62330415172988,47.54236541586468,47.551849365234375,758700
2016-09-12,47.257905695764336,48.281951527473296,47.125159348789715,47.988014221191406,798800
2016-09-13,47.49495652021683,47.89319558413901,47.324281602231075,47.551849365234375,670700
2016-09-14,47.55184576013044,47.66562782447236,46.66054267443003,46.745880126953125,705700
2016-09-15,46.812268719187934,47.70357209848339,46.62262947143989,47.54237747192383,594800
2016-09-16,47.27687671711111,47.27687671711111,46.60366093742845,47.096717834472656,736400
2016-09-19,47.29583589914481,47.95957127413107,47.29583589914481,47.66563034057617,789000
2016-09-20,48.016463633317215,48.13972966085835,47.314803267150516,47.324283599853516,377200
2016-09-21,47.3717043799449,48.05440425195007,47.06828301840214,48.016475677490234,561000
2016-09-22,48.50952164676653,48.80346258447255,48.234544990564146,48.55693054199219,379000
2016-09-23,48.41470247315438,48.80346119020524,48.01645980708922,48.025943756103516,412400
2016-09-26,47.8647561286832,48.424189838580055,47.78890261088507,48.08283996582031,336000
2016-09-27,48.00699121889136,48.29144826877101,47.732014503278386,48.12077331542969,908700
2016-09-28,48.45264395553826,49.552547307269315,48.45264395553826,49.5051383972168,837100
2016-09-29,49.505137457263324,50.05509093122088,49.24912500735907,49.268089294433594,533000
2016-09-30,49.2775678512314,49.48616775207632,49.002591144359116,49.04051971435547,1165600
2016-10-03,48.81295725584867,49.29653753357935,48.376789504338284,49.268089294433594,777500
2016-10-04,49.23963763742233,49.599951806223956,48.62331105529329,48.66123962402344,564900
2016-10-05,49.05000165517833,49.80855499461771,49.00259274966354,49.618919372558594,623000
2016-10-06,49.41979932105616,49.69477605440211,48.99311191018622,49.675811767578125,643600
2016-10-07,49.70425515226876,49.70425515226876,49.06896783628141,49.14482498168945,648700
2016-10-10,49.562027611558484,49.85596861955762,49.11637593231702,49.15430450439453,359800
2016-10-11,48.93621293295943,48.94569326595177,47.40014217643285,47.50444030761719,570300
2016-10-12,47.47600744516799,48.04492160929983,47.04932001353509,47.75098419189453,813600
2016-10-13,47.238952484620356,47.769941614011394,47.106206106539474,47.58978271484375,519600
2016-10-14,47.82682188118541,48.13972709974266,47.457027435302734,47.457027435302734,783300
2016-10-17,47.45702985561941,48.11128493976374,47.3432477780988,47.675113677978516,432500
2016-10-18,48.310413530508725,48.48108848729862,47.845797566565636,47.9595832824707,510000
2016-10-19,48.206112371606565,48.47160514458428,48.09233027134008,48.14921951293945,449200
2016-10-20,47.87425051847102,48.17767188996174,47.6087541056156,48.044921875,496000
2016-10-21,47.627704358788996,48.092320231574405,47.2579098973205,47.93112564086914,514100
2016-10-24,48.31039968702488,48.57589238059026,48.1681693914339,48.338844299316406,387700
2016-10-25,48.08284889682667,48.42419883298945,47.779427535141515,47.81735610961914,798100
2016-10-26,47.45703293133582,48.528491447208886,47.31480622948402,48.23455047607422,468300
2016-10-27,48.57589889362284,48.67072030908599,47.988020586019914,48.05439376831055,495800
2016-10-28,48.13025490396429,49.154304650698805,48.11129423493682,48.452640533447266,510200
2016-10-31,48.71813283622777,49.09740767512277,48.528493608246556,48.907772064208984,532300
2016-11-01,49.29653370321793,49.29653370321793,47.61823240674005,48.12077331542969,957100
2016-11-02,48.092320231574405,48.54745215469463,47.69407753817734,47.93112564086914,518400
2016-11-03,48.12077583752903,48.55694357800937,47.50444918293059,48.386268615722656,570800
2016-11-04,48.15870382455248,48.168184159200656,46.698486328125,46.698486328125,1078700
2016-11-07,47.55186013922723,47.68460652394477,46.61314787761822,46.859676361083984,1492100
2016-11-08,46.86915358990254,47.769937150368584,46.62262152473052,47.400142669677734,869000
2016-11-09,50.28264747140452,53.05137147176455,50.28264747140452,52.065250396728516,2822200
2016-11-10,52.71002309634245,53.7530334366503,52.42556605962825,52.99448013305664,1673500
2016-11-11,52.88069084831443,53.29789420427104,52.44452321021429,52.738460540771484,1122300
2016-11-14,53.25996925896614,55.84853788291074,52.833285541478354,55.592525482177734,2709700
2016-11-15,55.85801193461225,56.2088420959863,55.08049448666607,56.123504638671875,1534500
2016-11-16,55.67786294908874,56.12351095000866,55.28910418139801,55.592525482177734,1456600
2016-11-17,55.66837982506214,55.924392229594844,55.450295987956636,55.78216552734375,890900
2016-11-18,55.583053492322556,55.70631955262229,54.90983756242123,55.13740539550781,955100
2016-11-21,55.4692630438969,55.658902273443374,54.91930963991888,54.99516677856445,1084800
2016-11-22,54.56847548829635,56.626055012601526,54.30298275628298,56.24677658081055,3155200
2016-11-23,56.132990979270204,58.560361215951964,56.132990979270204,58.493988037109375,1950100
2016-11-25,58.88275019986821,59.04394479861654,58.20005408965714,58.94912338256836,637200
2016-11-28,58.91120509687082,59.37581742832577,58.62674805068467,58.71208190917969,1606900
2016-11-29,58.5982953826287,58.9017166912234,57.90611529633032,58.52244186401367,1371400
2016-11-30,59.14825052437642,60.13436799810575,58.7784560195945,58.79741668701172,1759000
2016-12-01,59.2430731633636,59.88784442017843,58.266435943659225,58.437110900878906,1291000
2016-12-02,58.588819295486324,58.588819295486324,57.052744740196346,57.51736068725586,1451200
2016-12-05,58.02938305857936,58.057827676772284,56.48382823523969,56.74932098388672,2141500
2016-12-06,56.82516639076439,57.63112842109756,56.6924200438452,57.35615539550781,1793600
2016-12-07,57.70699926281839,57.801817071141045,57.024299468279175,57.17601013183594,1653400
2016-12-08,57.17600559486299,58.57933002567478,56.919993192225625,57.73543930053711,1748400
2016-12-09,57.98196798120686,58.54140165418527,57.40357002576359,58.38020706176758,1064600
2016-12-12,58.38020644950344,58.787929475554094,58.019892320584184,58.38969039916992,924900
2016-12-13,58.427617389824874,58.69311373376562,57.35616253233225,57.4604606628418,849600
2016-12-14,57.50787454919,57.953522548910115,56.72087306567769,56.844139099121094,1213000
2016-12-15,56.76828653583342,57.20445785457859,56.18988850588075,56.28470993041992,870000
2016-12-16,56.27522145892771,56.46486067570511,55.696827092504094,55.74423599243164,1664700
2016-12-19,55.829573301062645,56.379523049386144,55.40288596878834,55.69682693481445,665500
2016-12-20,56.009724378458145,56.360554551172804,55.65889420574349,56.35107421875,661400
2016-12-21,56.294194396690216,56.31315868299014,55.14688220355256,55.431339263916016,862700
2016-12-22,55.412367650416364,55.6494157722189,54.758116136385595,55.327030181884766,584700
2016-12-23,55.21323678735504,55.450284860605095,55.03308155382896,55.17530822753906,300300
2016-12-27,55.194286701484344,55.52615625961958,54.95723856727381,55.440818786621094,428100
2016-12-28,55.554603253279346,55.554603253279346,54.17024295840321,54.511592864990234,691300
2016-12-29,54.672768313311174,54.96670923082071,54.12281865575993,54.31245422363281,445600
2016-12-30,54.41676100831185,54.45468957223439,53.85732735018859,54.046966552734375,634500
2017-01-03,54.70123401684752,56.313162284762534,54.70123401684752,55.13740539550781,1235000
2017-01-04,55.49770073724512,56.15195581668787,55.32702581365719,55.73474884033203,656500
2017-01-05,55.75371390636065,56.20884583663729,55.15635166540572,55.52614974975586,645400
2017-01-06,55.54511391349152,55.93387266250451,54.91930344149948,54.9761962890625,708900
2017-01-09,54.79604310097538,54.93826979965585,53.78147745870586,53.80044174194336,525000
2017-01-10,54.1702383503346,54.51158822788421,53.7340670528727,54.32194900512695,1096200
2017-01-11,54.47365440854998,54.6158810991065,53.819399333962295,54.34090805053711,683500
2017-01-12,54.39780664963784,54.473663791320845,53.45909803225003,54.416770935058594,668400
2017-01-13,54.397804323533975,55.184805858038004,54.27454189917131,55.14687728881836,615300
2017-01-17,54.900344207523545,55.1848012186215,53.97111242510062,54.05644989013672,716000
2017-01-18,54.056449433649256,55.04257043972405,53.83836560641356,55.01412582397461,944800
2017-01-19,55.08050198760324,55.79164635637911,54.47365937164527,54.625370025634766,599100
2017-01-20,54.88137615992678,54.92878505567991,54.01852123577904,54.40727996826172,557000
2017-01-23,54.2460926280519,54.55899789253875,53.610805382555384,54.1607551574707,618500
2017-01-24,54.502105287763136,57.16652755508293,54.378839248125615,57.005332946777344,992100
2017-01-25,57.81130171522623,58.97757813349976,57.57425357451045,58.6646728515625,1427900
2017-01-26,58.54140801964207,58.85430967166762,57.204456705567615,58.04834747314453,980800
2017-01-27,58.04833321712225,58.190559890543696,56.93894635568895,57.232887268066406,855700
2017-01-30,57.07170254925454,57.07170254925454,55.37444080422319,56.30366897583008,894800
2017-01-31,56.3131482033905,56.51226774688297,54.957232730350555,55.516666412353516,1048000
2017-02-01,55.92438376950071,56.60708341164424,55.16583062104496,55.7916374206543,856000
2017-02-02,55.61148850093375,55.96231869378189,55.194281509049034,55.658897399902344,779300
2017-02-03,56.07610514236165,56.711396012636975,55.810612393805194,56.15196228027344,658000
2017-02-06,55.98128256769521,56.464859120948475,55.592523811686235,56.11402893066406,535500
2017-02-07,56.11402582071927,56.6734594744168,55.45977437503244,55.75371170043945,1129300
2017-02-08,55.12791323592261,56.142478955874026,53.241012122657544,53.696144104003906,2096700
2017-02-09,53.69613196685215,54.274529859409135,53.2978893125233,53.55390167236328,1483100
2017-02-10,54.02800773046718,54.549512877367576,53.39272049736807,54.42625045776367,1336900
2017-02-13,54.634854329188265,54.74864004074932,54.29350442864024,54.473663330078125,963500
2017-02-14,54.558991090588464,54.558991090588464,53.83836284728517,54.54950714111328,669300
2017-02-15,54.61606655643573,55.519205010888754,54.38790385024384,55.44314956665039,1146100
2017-02-16,55.4431426224122,56.118118286132805,54.69211152397916,56.11811828613281,1606600
2017-02-17,56.0325602361589,56.0325602361589,54.65408987243871,54.76816940307617,1196400
2017-02-21,54.98681992057262,55.63327659809672,54.8822455129551,55.31955337524414,1172000
2017-02-22,55.16744440670353,55.20547212219539,53.941081407532806,53.99811935424805,852500
2017-02-23,54.40691641216636,54.53050469284104,52.71472271002434,53.33265686035156,1474300
2017-02-24,52.80027123661442,53.27560676385829,52.581617329264915,53.26609802246094,840200
2017-02-27,53.24709135222175,54.83471411326764,52.971399465370865,54.23579025268555,2073600
2017-02-28,54.21678412899574,54.27382571364931,53.332659512743426,53.62736892700195,1168300
2017-03-01,54.52098455514055,55.59524388244993,54.52098455514055,54.70161437988281,1041100
2017-03-02,54.48296366046285,54.682603727011276,53.8555208609374,53.99811935424805,608400
2017-03-03,53.91255880097626,54.349866649510815,53.532292525672425,53.693904876708984,571300
2017-03-06,53.43721983996618,53.76044814801432,53.15201924498779,53.63685989379883,962100
2017-03-07,53.665393228367805,54.197766811763564,53.18054885603461,53.72243118286133,992200
2017-03-08,53.817494142437255,54.254801999127274,53.75094745235497,53.88404083251953,1017500
2017-03-09,53.79847896707253,53.98861391687611,52.828793986944575,53.11399459838867,1160800
2017-03-10,53.62735477879256,54.007624656445294,53.18053821652893,53.63685989379883,566700
2017-03-13,53.532291526425425,54.18825328698291,53.46574483882637,53.65587615966797,939200
2017-03-14,53.16152742069021,53.228077735654956,52.22036504042325,52.80978012084961,661000
2017-03-15,53.037940608173166,53.807981864679114,52.657670724240624,53.55130386352539,846600
2017-03-16,53.826997940260185,54.0931883205942,53.056956652013376,53.11399459838867,833500
2017-03-17,53.21856585078921,53.37067307632059,52.33444146909983,52.72421646118164,1000700
2017-03-20,52.65768009898568,52.904856655503856,52.17283935585085,52.7147216796875,723400
2017-03-21,52.9523904201792,53.10449767819153,51.75454259012444,51.84010314941406,1064500
2017-03-22,51.802078325124945,52.38198474489381,51.50736893027346,52.0777702331543,603200
2017-03-23,52.106286610917245,52.33444565419865,51.66897512933642,52.05875015258789,825800
2017-03-24,52.0777730408698,52.50557585435646,51.19364843517178,51.4598388671875,658700
2017-03-27,50.68028706117769,51.21266065509977,49.80566760091223,51.051048278808594,757100
2017-03-28,50.870411915693836,51.887633388090926,50.870411915693836,51.516868591308594,573800
2017-03-29,51.46933495501426,52.73372931232976,51.36476054933883,52.39148712158203,932800
2017-03-30,52.36297154278038,53.085480060573616,52.25839713032494,52.60063934326172,448600
2017-03-31,52.28691761689066,53.0664677348752,52.1348103652479,52.553104400634766,640000
2017-04-03,52.65767083482704,52.88583349097021,51.58341149300557,51.97318649291992,899900
2017-04-04,51.906639807070334,52.153816320102294,51.63094794848876,51.97318649291992,533900
2017-04-05,52.391490985447945,52.91435942586398,51.545394188434635,51.63095474243164,789400
2017-04-06,51.76404600963157,52.24888671139053,51.54539207538555,51.88763427734375,477000
2017-04-07,51.80207283708559,52.22036683978157,51.63095173904573,51.821083068847656,532400
2017-04-10,51.77354814172588,52.477046363707714,51.61193579262827,52.2298698425293,594000
2017-04-11,52.068260195596544,52.30592798709012,51.47884508811882,51.91615295410156,807300
2017-04-12,51.897143460455865,51.897143460455865,50.214454919974536,50.490150451660156,934000
2017-04-13,50.49014905456644,50.908443085653516,50.24297250661092,50.3570556640625,933300
2017-04-17,50.50916667227488,50.85140891704833,50.06235000531807,50.81338119506836,617700
2017-04-18,50.39506810647383,51.18412677708141,50.19542806687025,50.99399185180664,684300
2017-04-19,51.37426757164848,51.88763084058332,50.87991816006558,51.22216033935547,746200
2017-04-20,51.611942044578775,51.73552669361575,50.76584522852387,51.03203201293945,561400
2017-04-21,51.01301675460343,51.16512400245988,50.566200127421325,50.8989372253418,538900
2017-04-24,51.61194435533926,52.09678510959241,51.34575393248291,51.96369171142578,677300
2017-04-25,52.24888499992961,52.67668773836427,52.05875004656725,52.39148712158203,454900
2017-04-26,52.36297603118711,52.90485837261137,52.36297603118711,52.66719055175781,382200
2017-04-27,52.657677973189216,52.99992019053769,52.35346347477343,52.97140121459961,581700
2017-04-28,53.03795552158753,53.16154018607158,51.95419076212177,52.21086883544922,680000
2017-05-01,52.38198821766246,52.55310934517613,51.60243802633273,51.83060073852539,991400
2017-05-02,52.03974838139877,52.59113584773902,51.849613396738164,52.42952346801758,644100
2017-05-03,52.03974151971153,52.23938159534624,51.52637821677424,51.88763427734375,622400
2017-05-04,51.86862502291027,52.24889134932315,51.68799516333035,52.0777702331543,702000
2017-05-05,51.69750491509254,51.96369171142578,50.27149800355338,51.96369171142578,1358700
2017-05-08,52.04924674195842,52.42951666191515,51.707004539301906,52.0112190246582,1144000
2017-05-09,52.4865576538596,53.2090698183551,51.1270975070154,53.16153335571289,1170300
2017-05-10,53.13301263268993,53.1615316081194,51.62144528404046,51.868621826171875,1587600
2017-05-11,51.81158024879013,52.33444868195959,51.4313103192908,51.868621826171875,944500
2017-05-12,51.62144300780233,51.64996560849691,50.109875725805146,50.14790344238281,959700
2017-05-15,50.613730767762114,50.89893137137625,50.0813536482326,50.214447021484375,1137100
2017-05-16,50.30000412507945,50.37605954832023,49.67256138943173,50.00529479980469,986100
2017-05-17,50.00531114238051,50.00531114238051,48.60382654082301,49.299800872802734,1427500
2017-05-18,49.385607251483194,49.66209125781031,48.17480136846983,49.00425338745117,1348100
2017-05-19,49.452339596798,50.815687624006216,49.357002049020295,50.53920364379883,1382200
2017-05-22,50.90149142854983,51.24471240984911,50.18644892980775,50.41526412963867,947800
2017-05-23,50.53920430360942,50.77755181305972,50.234119782464575,50.7012825012207,584400
2017-05-24,50.58687111086496,50.82521859391049,50.05297143956115,50.47246170043945,1140200
2017-05-25,50.70128662949722,50.720354868233166,50.01484458258162,50.13878631591797,841000
2017-05-26,50.072046602812314,50.40573167048855,49.9576408134511,50.20552062988281,682800
2017-05-30,50.043432594549934,50.36758527456688,49.83368567309971,50.17690658569336,693100
2017-05-31,50.17691448422671,50.20551501914713,49.585810091981514,49.97669982910156,1527100
2017-06-01,50.11017996558795,50.84429070577013,49.69068603583,50.729881286621094,639800
2017-06-02,50.83475413899109,51.06356933755886,50.39619561503824,50.7203483581543,1008700
2017-06-05,50.653613335273626,50.806155594667246,49.814629090161546,49.87183380126953,1116300
2017-06-06,49.700222960624274,49.90996629277889,49.271196722521594,49.662086486816406,934400
2017-06-07,49.690688288662315,49.86229878827194,49.213993264612114,49.5762825012207,1128900
2017-06-08,49.576281941240396,50.52013967843215,49.366534969221256,50.44386672973633,995800
2017-06-09,50.43432633630926,52.55084940645485,50.16737469560647,52.38877487182617,1162400
2017-06-12,52.312506059594135,52.712931733770276,51.70233706741533,52.445980072021484,1320100
2017-06-13,52.493651849720415,53.06568436380159,52.16949912190268,52.43644714355469,672100
2017-06-14,52.43644867408349,52.83687071824912,51.69280565669352,52.04555892944336,568800
2017-06-15,51.51166438125905,52.19810639630437,50.96823233164635,51.29238510131836,620200
2017-06-16,51.16844480352053,51.38772772648308,50.863360263174286,51.31145477294922,784200
2017-06-19,51.42585314594313,51.9406845973261,51.14937282151367,51.673736572265625,1124300
2017-06-20,51.406789117602,51.75001011328092,50.834756549400055,50.95869827270508,608500
2017-06-21,51.09216929826053,51.16843860566155,49.98623706423955,50.04344177246094,808600
2017-06-22,50.11971537863828,50.44386814590711,49.68115682200824,50.20552062988281,493000
2017-06-23,50.20550844192694,50.42478766700944,49.85275522217626,50.34851837158203,837000
2017-06-26,50.52013154998113,51.311443262462916,50.22457937667933,51.05402755737305,429400
2017-06-27,51.10171016352892,51.9502304450182,50.88243086726588,51.03497314453125,539500
2017-06-28,51.4830546795802,52.3029705767506,51.4830546795802,51.683265686035156,754900
2017-06-29,51.85488764697128,52.02649815820594,50.66315000611647,51.063575744628906,965800
2017-06-30,51.33050996409562,52.14088988648947,51.18750003101733,51.85487365722656,902300
2017-07-03,52.09323298505246,52.91314902939302,51.940690718911966,52.579463958740234,348200
2017-07-05,52.48410983139167,52.48410983139167,51.76906745320679,52.3029670715332,925900
2017-07-06,52.24576296560327,52.70338965641383,51.49258411250325,51.64512634277344,1043100
2017-07-07,51.71186731843522,52.43644200776383,51.320977623489455,52.26483154296875,669600
2017-07-10,52.121826353638475,52.770131804779425,51.84534603465595,52.22669982910156,1153100
2017-07-11,52.23623828313061,52.23623828313061,51.4639910840454,52.055091857910156,774300
2017-07-12,52.54131319634213,52.99893987032919,51.978813060982176,52.13135528564453,527600
2017-07-13,52.16949883697445,52.17903113616966,51.63559915969235,51.71187210083008,715900
2017-07-14,51.83581542968749,52.13136765121677,51.654672631463065,51.8358154296875,482500
2017-07-17,51.79767278413536,52.31250054394578,51.502120618569585,51.959747314453125,575200
2017-07-18,51.56886558829441,51.578397888124314,49.66208557561855,49.957637786865234,1176100
2017-07-19,50.072043836158606,50.97776507438561,49.957638053118714,50.93962860107422,580300
2017-07-20,50.844289183651384,51.02543196987313,49.98623675019229,50.09111022949219,762300
2017-07-21,49.99577107830502,50.09111226194347,49.538144307523304,49.86229705810547,571100
2017-07-24,49.57628297991263,49.84323103215209,48.95657798790594,49.73835754394531,799500
2017-07-25,50.215042057078314,50.93008445032096,50.08156805890934,50.5201301574707,411400
2017-07-26,50.63454529235927,50.7680193152286,49.78602874392333,50.338993072509766,441600
2017-07-27,50.37712514783928,50.6250049348242,50.138777660129385,50.58687210083008,443800
2017-07-28,50.424811443589626,50.596421985337024,49.66209994520967,49.948116302490234,604900
2017-07-31,50.176920578002104,50.7394208667461,49.88136834598593,50.262725830078125,610500
2017-08-01,50.52014840697758,50.930102847916615,50.110190329143556,50.768028259277344,738300
2017-08-02,50.64372533279756,52.106531376833324,50.47163007500891,51.00703430175781,2135300
2017-08-03,50.51943147133869,50.77757434764135,49.572907591562284,50.356895446777344,1657900
2017-08-04,50.3569016920873,50.60548537291245,49.72588690969985,50.17524719238281,908200
2017-08-07,50.04139571539782,50.37602338242531,49.8119341386018,50.01271438598633,905100
2017-08-08,50.95923335800263,52.575016285206374,50.2995372691007,51.743221282958984,1493100
2017-08-09,51.37991335171356,51.886636286329676,50.98791938118321,51.83883285522461,923400
2017-08-10,51.48508218785584,52.22126673708476,50.31866308856156,50.3664665222168,1260100
2017-08-11,50.165685217451774,50.67240813167481,50.06051548495238,50.27085494995117,1007300
2017-08-14,50.806262473725006,51.016601952309195,50.376024288970115,50.414268493652344,532800
2017-08-15,50.280419301007846,50.37602616911359,49.286091825167865,49.305213928222656,821800
2017-08-16,49.5251145427986,49.83106090907753,48.73156729500274,48.80805206298828,736800
2017-08-17,48.655071194252386,49.0757501168114,48.004934356813735,48.04317855834961,832700
2017-08-18,47.842405675854906,48.377809950146535,47.52689645950326,47.66074752807617,937500
2017-08-21,47.67030525766644,47.67986448417501,47.14446026767026,47.40260314941406,820200
2017-08-22,47.536458489839134,48.721999630856345,47.421725878384805,48.63595199584961,1476900
2017-08-23,48.3778045544571,49.295647124185784,48.1961500741068,49.075748443603516,1048800
2017-08-24,49.17135529701575,49.42949817782997,48.98970081666545,49.075748443603516,780300
2017-08-25,49.38170467497159,49.907549768749085,49.19048728255203,49.658966064453125,590700
2017-08-28,50.01272194004886,50.13701015105018,49.54423948828143,49.93623352050781,811600
2017-08-29,49.678082070277526,51.03572210735045,49.678082070277526,50.83494186401367,1014200
2017-08-30,50.768017410932025,51.59024956186172,50.23261314310285,51.38947296142578,593900
2017-08-31,51.63805028912881,52.221261605045015,51.38947027024983,52.09697341918945,824400
2017-09-01,52.3359904793724,53.00524573139049,52.23082075486453,52.7088623046875,802200
2017-09-05,52.82359740255459,52.92876713930112,51.62849338892213,51.99180603027344,1207000
2017-09-06,52.17345817608766,52.42204184213449,51.83883052621829,52.09697341918945,607900
2017-09-07,52.12565221871527,52.24994404570976,51.48507463082148,52.049163818359375,930200
2017-09-08,51.97268822031793,52.58458094228118,51.57113134204935,52.230831146240234,597800
2017-09-11,52.58457800371448,52.766232505655886,52.20214325027477,52.479408264160156,1276400
2017-09-12,52.77579171812698,53.712752787150166,52.747106742950294,53.473731994628906,612700
2017-09-13,53.339875679925996,53.92308693977338,53.22514308485709,53.52153015136719,582600
2017-09-14,53.349437308711245,53.68406858864895,53.21558625560323,53.33987808227539,441800
2017-09-15,53.25383427513772,53.97089666578903,53.167786642372846,53.492855072021484,1034600
2017-09-18,53.569336517835325,54.38200936528621,53.39724126294773,54.267276763916016,1252400
2017-09-19,54.3628877639225,54.50629804619971,54.12386697962609,54.35332489013672,620000
2017-09-20,54.49674613996529,55.223367817077474,54.44894270611826,55.18512725830078,744500
2017-09-21,55.29029356800534,55.41458175885672,54.86005539575981,54.888736724853516,601000
2017-09-22,54.87917612917164,55.09907482346568,54.38201243665856,55.01302719116211,816100
2017-09-25,54.99390882560088,55.87350366252807,54.984345950713156,55.70140838623047,611500
2017-09-26,55.74920597018265,55.921301217166075,55.28072365402387,55.73964309692383,583300
2017-09-27,55.93085857954772,55.94041780532047,55.35721020682957,55.77788543701172,558600
2017-09-28,55.72052999984292,55.89262527463024,55.05127465030123,55.615360260009766,668000
2017-09-29,55.62492419324442,55.739653162896325,55.13731968967949,55.71097183227539,588200
2017-10-02,55.58667059708088,56.20812606811523,55.38589402231627,56.208126068115234,914600
2017-10-03,56.26549094812926,56.38978277669237,55.44326251693253,55.873497009277344,629600
2017-10-04,55.863941605844246,56.23681346988402,55.56755450119235,56.02647399902344,678900
2017-10-05,56.21768529431792,56.53319446652022,55.95954242083446,56.208126068115234,452100
2017-10-06,55.940420748751464,56.389780974230796,55.68228152046291,56.37065887451172,433000
2017-10-09,56.322862159030684,56.45671322584348,55.5771184169777,55.816139221191406,552100
2017-10-10,56.370668458932606,56.370668458932606,55.615361803862235,55.797019958496094,437700
2017-10-11,55.80657763451882,55.80657763451882,55.2616104801082,55.46238708496094,605100
2017-10-12,55.42405288586188,56.17173005332696,55.38570952942169,56.09504699707031,508000
2017-10-13,56.3346754998804,56.3346754998804,55.98000866985357,56.1237907409668,571400
2017-10-16,56.56473308794277,56.81396121633613,56.296336940402156,56.55514907836914,488600
2017-10-17,56.46888094268275,56.516808305984576,55.673276473326965,55.81705856323242,589000
2017-10-18,55.81705558472846,56.104623405817634,55.74037253886218,55.75954055786133,506200
2017-10-19,55.52948462135413,55.93207881677246,55.52948462135413,55.884151458740234,396700
2017-10-20,56.23883218421209,56.42096130898327,56.03753503679294,56.38261795043945,351400
2017-10-23,56.31550699608545,56.61266247704488,55.79788273504251,55.9224967956543,376000
2017-10-24,55.932075837610384,56.46887172619932,55.932075837610384,56.162132263183594,573700
2017-10-25,56.133384251289435,56.25799466123815,55.18440639398794,55.673274993896484,423600
2017-10-26,55.596591181820244,56.478466390214656,55.596591181820244,56.29634094238281,465300
2017-10-27,56.06628334201743,56.555148268987686,55.999180649469345,56.277164459228516,338100
2017-10-30,55.922502585100254,56.42095522252714,55.922502585100254,56.03752899169922,395800
2017-10-31,56.17172444115737,56.401780900189635,55.75954254216612,55.79788589477539,563600
2017-11-01,55.96084728979025,56.430540594433,55.7116191367514,55.874576568603516,516100
2017-11-02,55.78829541687476,56.48804506606027,55.634925680842635,56.3059196472168,376800
2017-11-03,56.20048301461046,56.96733177318184,55.77871345492872,56.833133697509766,589700
2017-11-06,56.79479115297366,58.64481586618267,56.70852043786876,58.57771682739258,954700
2017-11-07,58.66399022722746,58.78860430066485,58.18470926729361,58.40517807006836,825400
2017-11-08,58.25180036865476,58.606467206805384,57.676661101159205,58.58729553222656,692800
2017-11-09,58.12718732738705,58.12718732738705,57.20696887127031,57.7821044921875,540100
2017-11-10,57.552056691257,57.8012811734745,57.25490118929234,57.5424690246582,619200
2017-11-13,56.87146664166197,57.350747485134775,56.44011315121192,57.34115982055664,503400
2017-11-14,56.957737261715444,56.96732492689596,55.41445592033352,55.539066314697266,618400
2017-11-15,55.107716272610745,55.56782547094549,54.83931649778166,54.973514556884766,445200
2017-11-16,55.165245796830625,56.00878143310547,54.94477696192481,56.00878143310547,581100
2017-11-17,55.84581090304534,56.42095019806932,55.817055218112266,56.20048141479492,390300
2017-11-20,56.18130429159668,57.30281977471575,56.11420526217705,56.88105392456055,679000
2017-11-21,59.488345257861674,62.58449936194432,58.865278639525066,62.17231750488281,1966100
2017-11-22,62.22984017808428,63.073379376450305,61.61636111377116,62.09564208984375,864700
2017-11-24,62.124392102948484,62.124392102948484,60.4181531541222,60.667381286621094,619300
2017-11-27,60.705727956185406,61.252107956322085,60.28395837248444,60.69614028930664,903100
2017-11-28,60.76322727173274,62.06687180513183,60.130576678362324,61.884742736816406,1483100
2017-11-29,61.78889182344672,62.63242356202334,61.46298432669417,62.14356231689453,764800
2017-11-30,62.31610060849314,63.45678410321924,61.99018581482448,62.910404205322266,1024900
2017-12-01,63.14046177465609,63.25548449811143,61.2329223838633,62.7474479675293,733600
2017-12-04,63.552659839824976,64.88506035749809,63.3801183973009,63.92649841308594,1110500
2017-12-05,64.0798588956659,64.11820224766585,63.303426129095016,63.70602035522461,795600
2017-12-06,63.610181454339696,65.29725279574926,63.562250424105656,64.88507080078125,1247300
2017-12-07,66.11202911698878,66.11202911698878,64.69335399309355,64.88507080078125,1041700
2017-12-08,65.18220532592079,65.84361533784916,64.7604357747495,65.67107391357422,854100
2017-12-11,65.60397406617912,65.72858447146378,65.01925076409977,65.54645538330078,731700
2017-12-12,65.62314457042062,66.09283783777911,65.3739164371655,65.55604553222656,714500
2017-12-13,65.78610452484735,66.4762703045179,65.10552641246315,65.33558654785156,906900
2017-12-14,64.28115318254663,64.338671864641,63.169225276421415,63.38969039916992,1190600
2017-12-15,63.67725736219696,64.39617867489078,63.19797648706775,63.44720458984375,1636100
2017-12-18,63.677281981696694,64.41537159693458,63.552671538753536,63.97443389892578,1244400
2017-12-19,63.868984109160984,64.2332423535287,63.59100024860323,63.63893127441406,919100
2017-12-20,64.17572365990614,64.25241037590438,63.61976325203838,63.63893127441406,885200
2017-12-21,63.97441000177618,64.04150903264257,63.322587710540176,63.725189208984375,735400
2017-12-22,64.12778490824407,64.12778490824407,63.27466550426669,63.53347396850586,495900
2017-12-26,63.207576400807135,63.64851401378255,62.45989926083807,63.313018798828125,733700
2017-12-27,63.523886302942614,63.562229651949536,62.881651661880284,63.53347396850586,729100
2017-12-28,63.849782852201095,63.98398087872242,63.399257771774955,63.811439514160156,506700
2017-12-29,63.811453582539876,64.04150634826084,63.207562330055254,63.22673034667969,519500
2018-01-02,63.74437422024613,64.54956280530081,63.50473371565874,64.09904479980469,1145400
2018-01-03,64.22364905421088,64.65499899569406,63.99359623963634,64.31950378417969,1108600
2018-01-04,64.70292742981694,65.18220837374152,64.1948907993764,64.98091125488281,1510000
2018-01-05,65.19179583773573,65.47936001524872,64.57831681647849,65.31640625,1059100
2018-01-08,65.18220321334924,65.33557661362121,64.54954890709678,65.14385986328125,1041200
2018-01-09,65.24930342464508,65.68065332250987,64.67416778974322,64.90422058105469,913600
2018-01-10,64.98093115633,65.36435749154947,64.47289437029508,65.0000991821289,735300
2018-01-11,65.3068161567065,66.63921654210577,65.13427473131145,66.62004852294922,1234900
2018-01-12,66.96512271241043,66.96512271241043,66.39956749161354,66.67755126953125,1177100
2018-01-16,67.09933313682862,67.43482833986337,66.3804117103626,66.54336547851562,1411900
2018-01-17,66.89802101467292,67.00346338530468,66.22702344581216,66.69672393798828,649700
2018-01-18,67.00347891190057,67.14726466092175,66.38041220830678,66.51461029052734,748300
2018-01-19,66.5529427085405,67.08973494921739,65.9202884421035,67.0513916015625,923900
2018-01-22,66.82133750478124,67.54984646929682,66.5912847366563,67.31979370117188,986200
2018-01-23,67.24310683924351,67.48274727180443,66.63920826871279,66.98429107666016,643900
2018-01-24,67.38688726360823,67.96202279388932,66.93636211569378,67.3293685913086,733900
2018-01-25,67.69365045747436,67.85660424081377,66.5242036579843,66.96514129638672,576900
2018-01-26,67.13766596209744,67.22393300938661,66.44750033080099,67.0513916015625,755400
2018-01-29,68.05788106220066,69.18898416675015,67.59776822592399,68.1058120727539,1447000
2018-01-30,67.74155840462451,68.07705356085083,65.69023680570258,66.81175231933594,1179900
2018-01-31,67.85659216270321,68.04830160153836,66.15035329203292,66.58170318603516,894600
2018-02-01,66.22704444118348,67.28146848177573,65.68066439889823,67.1185073852539,817400
2018-02-02,66.7350969959407,66.79260838252952,63.94567773440604,64.33869171142578,1043300
2018-02-05,63.46637305853888,64.06068398069567,60.44690571771721,60.53317642211914,1819800
2018-02-06,56.986508276622324,62.3065263321168,54.20667717761689,61.48216247558594,2537800
2018-02-07,61.44382041543902,64.31950630676921,60.31271700565258,63.27467727661133,2075000
2018-02-08,63.399283106848245,63.51431316693839,60.20727390012712,60.21685791015625,3666200
2018-02-09,61.02204995162805,61.02204995162805,57.849208769958885,59.65130615234375,2030200
2018-02-12,60.37981132572025,61.252102445406955,58.92279690423702,60.47566604614258,2032900
2018-02-13,59.86218910250775,60.39898140578944,58.93238292486151,59.68964767456055,1327100
2018-02-14,59.02824583732008,61.13707917348125,58.77901768598377,61.02205276489258,1669000
2018-02-15,61.49285470248415,61.59854613294561,60.31103934100196,61.21421432495117,1508500
2018-02-16,60.91635673800166,61.781101417744395,60.666539979293965,60.71458053588867,1486300
2018-02-20,60.30142953074957,60.99322532478143,59.67689491914618,60.02279281616211,982900
2018-02-21,59.955537611466184,61.02205128138746,59.61924634739233,59.62885665893555,1304900
2018-02-22,60.032403179036905,61.33912701966642,59.64807500931412,60.147701263427734,1006200
2018-02-23,60.4455497186118,60.78183727576072,58.840972424130584,59.90748596191406,1878500
2018-02-26,60.22455919499959,60.7722295873885,59.465505961597614,60.541629791259766,966600
2018-02-27,60.45516712505416,61.14696298320048,59.302178915157135,59.32139587402344,2091400
2018-02-28,59.7441537487548,60.16691581813925,58.65841947377258,58.66802978515625,2229000
2018-03-01,58.52389606135298,58.648804434646365,56.85205765005315,57.01539993286133,1656900
2018-03-02,56.265962659405254,57.80328254138639,56.00653924208474,57.687984466552734,1569400
2018-03-05,57.188350228845565,58.245257108976936,56.95775043149829,57.7552375793457,1179900
2018-03-06,57.89936778995409,58.22604874633726,57.57268683357092,57.84172058105469,1227300
2018-03-07,57.14991828917939,57.99544602159748,56.94814575032971,57.83210372924805,910400
2018-03-08,58.09152263784059,58.149173501016534,56.794409371085735,57.27482223510742,1073400
2018-03-09,57.928197086234555,58.50469118695658,57.52464828352106,58.418216705322266,1016100
2018-03-12,58.40861155846646,58.40861155846646,57.49582615450039,58.062713623046875,991000
2018-03-13,58.23565046399804,58.956269790976556,57.54385473721565,57.7552375793457,834200
2018-03-14,57.966624716502544,58.61037627031081,57.30365254079347,57.438167572021484,1658900
2018-03-15,57.6015063674948,58.31251539367322,57.36129992198003,57.591896057128906,1203600
2018-03-16,57.6495544377321,58.658420907340414,57.54386300148799,58.562339782714844,2009700
2018-03-19,58.23565098213915,58.302908493368136,57.03461875982234,57.563072204589844,1278900
2018-03-20,57.832103226048496,58.3029094778608,57.63994099944056,57.77445602416992,890200
2018-03-21,57.716815339488306,58.77372243333063,57.5534766850033,58.15879440307617,637900
2018-03-22,57.418947281390786,57.50542174862482,55.35317404342591,55.401214599609375,1032100
2018-03-23,55.45886622595862,55.45886622595862,53.24896395864922,53.393089294433594,1418600
2018-03-26,55.68945510937304,57.140303927678005,54.046444088737594,55.51650619506836,2403600
2018-03-27,55.5165201881666,55.5165201881666,53.69095314907416,54.02724075317383,2282100
2018-03-28,54.661383094904366,55.22827050416187,54.19058047169209,54.64216613769531,1825000
2018-03-29,55.7279039390247,57.18835979243034,55.449263539667164,56.832855224609375,1408800
2018-04-02,56.525391115526595,56.58303832545237,54.4788308621807,55.4588737487793,1376900
2018-04-03,55.68946030981575,56.381256031636376,55.151400228630294,56.25634765625,1027200
2018-04-04,55.33396294386741,58.0050577351512,55.2955290287494,57.82250213623047,1652900
2018-04-05,58.14918507264763,58.312523719594786,57.30365723743764,57.5246467590332,1589400
2018-04-06,57.07305399273092,57.178741751925166,55.09375152500765,55.73750305175781,1144400
2018-04-09,56.33322340611799,57.197964514856636,55.97771518499639,56.03536605834961,899000
2018-04-10,56.938527983182865,57.40933417743566,56.54458960238321,57.11147689819336,1044100
2018-04-11,56.57342276675262,57.52463823328129,56.477337989912705,57.188350677490234,737100
2018-04-12,57.620726198259874,57.860932655761026,57.02501154467005,57.13070297241211,534300
2018-04-13,57.57268140422884,57.57268140422884,56.5638150257699,56.94814682006836,461100
2018-04-16,57.351696412384065,57.62073015563911,56.95775794163695,57.380523681640625,588500
2018-04-17,57.87054334448897,58.2260479001554,57.68798774352727,57.88015365600586,727800
2018-04-18,58.29330602658176,58.61038033526123,58.03388625708396,58.187618255615234,855400
2018-04-19,58.20683838662302,58.60077688341295,57.832113183594416,58.12997055053711,619100
2018-04-20,58.06271064516477,58.31252377167766,57.10188472505979,57.64955520629883,780100
2018-04-23,57.71680835219824,58.45664469442616,57.58229332002221,58.091529846191406,1227800
2018-04-24,58.18761506916273,58.75450246993932,56.40047839331587,56.77519989013672,754100
2018-04-25,56.75598224894451,57.03462262305797,56.02575622102825,56.34282684326172,844200
2018-04-26,56.515776600264296,56.515776600264296,55.372395150236436,55.92967224121094,626200
2018-04-27,55.78555006791921,56.583033616017794,55.49729938124143,56.496559143066406,767100
2018-04-30,56.544602904347855,56.88089416942834,55.80477018474265,55.81437683105469,759000
2018-05-01,55.766342974974656,56.17949845601396,55.09376402919483,56.102630615234375,626900
2018-05-02,56.150664670619925,56.169881628586,55.41082828259592,55.46847915649414,646900
2018-05-03,55.42043032940531,55.497294484546956,53.892717218898724,54.91119384765625,1162100
2018-05-04,54.00801341941232,54.74784967155953,53.04718768913169,54.61333465576172,1731800
2018-05-07,54.69981287124178,54.90158540878281,54.04645103660078,54.48843002319336,1950500
2018-05-08,57.59190215674616,59.86906214038939,57.44778047332891,59.66728591918945,3071700
2018-05-09,60.73379425738164,60.92596013878675,59.85944297898474,60.39750671386719,2177700
2018-05-10,60.53203056472419,61.44481588565692,60.24378353318223,61.26225662231445,1674300
2018-05-11,62.06934067899032,62.309547111440374,60.93556602460532,61.06047439575195,1153600
2018-05-14,61.089325598650994,61.204623705135454,60.13810614068726,60.522438049316406,1180200
2018-05-15,60.2053530305323,60.4647764732015,59.85945510697337,60.23417663574219,1457200
2018-05-16,60.1765245835008,61.348729639261116,60.03239923852759,60.99322509765625,1220000
2018-05-17,60.90654872500427,61.69628809410142,60.54056907673689,61.599979400634766,730200
2018-05-18,61.599979531274386,61.84075493939282,61.301420376529876,61.388099670410156,1704100
2018-05-21,61.638506881361906,62.41861688275671,61.561456984268375,61.860023498535156,987400
2018-05-22,61.301428319044575,61.97559660997182,61.301428319044575,61.34958267211914,1143800
2018-05-23,60.858393199557526,61.176218514122596,60.42500038724706,61.118431091308594,828400
2018-05-24,61.13769356557992,61.47478135441633,60.50204661039109,61.118431091308594,790400
2018-05-25,60.636874866225135,61.06064191464246,60.60798299435704,60.99322509765625,590700
2018-05-29,60.415361163806935,61.320675318765105,60.29979000388356,60.96432876586914,1219900
2018-05-30,61.34956686295727,62.47639753902586,60.99322033330238,62.4474983215332,1388700
2018-05-31,62.3126767195398,62.62086896798588,61.73481717218876,62.408992767333984,1958500
2018-06-01,62.8809003897601,63.62248534203712,62.58234126386542,62.99647521972656,1027000
2018-06-04,63.53581236703056,64.14256371679932,63.17946213742431,63.42987060546875,784200
2018-06-05,63.51655101968114,63.969209971849565,63.20835878491066,63.949951171875,3900700
2018-06-06,64.05588846383213,64.05588846383213,62.90016215331811,63.81511306762695,1147900
2018-06-07,63.94032030876239,64.00773713282813,63.22762711894138,63.61286926269531,1243200
2018-06-08,63.786219989212036,64.15219593928387,63.33356107724734,64.14256286621094,1219500
2018-06-11,64.04625668449198,64.14256537534337,63.61286390171969,63.87289810180664,848900
2018-06-12,63.921047815218344,64.25813186333826,63.57433069490038,63.73805618286133,1075100
2018-06-13,63.71880880938474,63.73806760935224,63.083158192220004,63.1024169921875,810800
2018-06-14,63.35282034145017,63.43950330398055,62.60160228963564,62.93868637084961,801400
2018-06-15,62.5438180991482,62.5438180991482,61.108795148086,62.168209075927734,1417200
2018-06-18,61.79260766880146,63.11205227529445,61.6385078721374,63.083160400390625,882700
2018-06-19,62.28378484435467,62.563085217615615,61.378470573787,62.408992767333984,875500
2018-06-20,62.640135461477364,63.35282866220364,62.05264283653671,63.17947006225586,773200
2018-06-21,62.95795206678637,63.140936367918236,61.97558435383915,62.168209075927734,517300
2018-06-22,62.80386064133545,63.1216859641375,62.158584269258164,62.408992767333984,779500
2018-06-25,61.97559066455377,62.08153243551964,60.473154418685155,61.15695571899414,881000
2018-06-26,61.39772829158107,61.725179315486024,60.92580688111953,61.465145111083984,809100
2018-06-27,61.58072009903005,62.45714248090725,61.224373506119456,61.253265380859375,1179600
2018-06-28,61.10879276941164,61.32067260757979,60.328679208053096,61.060638427734375,597700
2018-06-29,61.4073539823978,62.331934274200385,61.11842424855863,61.14731979370117,665700
2018-07-02,60.55019441552282,61.72517582756519,60.47314820070506,61.63850021362305,1005500
2018-07-03,62.00447619330253,62.29340960234594,60.579089989988994,60.685028076171875,480200
2018-07-05,61.20511293029076,62.31267769232778,60.90655375153973,62.08153533935547,1571900
2018-07-06,61.88892232214172,62.957965883732975,61.792613613902134,62.640140533447266,1241300
2018-07-09,63.00610420972314,63.63212171235655,62.93868739238613,63.56470489501953,1085500
2018-07-10,63.49729222257593,64.12330976607369,63.26614988345825,64.05589294433594,1200200
2018-07-11,63.266139609959296,63.6995323439136,62.94831435285612,62.986839294433594,922300
2018-07-12,63.295045877238984,63.47803755438776,62.688287094222716,63.169837951660156,858700
2018-07-13,63.16983069761552,64.04625668449198,62.929055296546,63.87289810180664,565200
2018-07-16,63.74768492524767,63.90177733054444,62.736425501692594,63.03498458862305,649700
2018-07-17,62.67865319633822,63.73806347501214,62.64976132431978,63.56470489501953,757600
2018-07-18,63.48766513364956,64.55670865618633,63.43951445523054,64.421875,1069800
2018-07-19,64.07515906674432,64.59523490010461,63.54545750623753,64.37371826171875,424200
2018-07-20,64.09443102197633,64.12332290179926,63.58398086952995,63.651397705078125,462900
2018-07-23,63.42025243451652,64.10405383480398,63.208368861605315,63.680294036865234,946700
2018-07-24,64.1425588132163,64.73005131955287,63.88252463973224,64.60485076904297,950600
2018-07-25,64.42187214431475,64.67228064379636,63.23726116777708,64.6241226196289,992600
2018-07-26,64.56634833068198,65.51018402046061,64.31593979450474,65.13457489013672,577400
2018-07-27,65.33679143548481,65.49089117700139,64.57594784235708,64.7781982421875,607700
2018-07-30,65.09603780501428,65.52943796162661,64.47002760304515,64.50855255126953,889400
2018-07-31,64.8937994297812,65.39461650213568,64.17147304871465,65.13457489013672,689500
2018-08-01,64.46038342718514,65.03824285526257,64.15219124235175,64.57595825195312,559400
2018-08-02,63.96786975465681,64.86556315146943,63.668641077172616,64.59529113769531,623500
2018-08-03,63.96784748896143,65.2806031255194,63.96784748896143,64.75936126708984,1165900
2018-08-06,67.56827627799484,70.59919551045914,65.83080337081762,69.79802703857422,4053100
2018-08-07,71.12042984976452,71.33278844530025,69.04511725387931,69.65323638916016,1790000
2018-08-08,69.7208070506597,70.60884542589035,69.26713319077787,70.34822082519531,1392100
2018-08-09,70.34821272656247,70.75362790715394,69.94280491032733,70.0393295288086,1415000
2018-08-10,69.57600642490017,69.79801230462344,68.93893070529892,69.38294982910156,933400
2018-08-13,69.3153962650704,69.52775488239794,68.53353714159873,68.62040710449219,1035800
2018-08-14,68.83275611005207,69.60496781716505,68.60109554366085,69.1223373413086,971600
2018-08-15,68.52387714530244,68.74589041826758,67.95437668340104,68.40805053710938,788500
2018-08-16,68.66867310456031,69.01616768484942,68.18604256130962,68.62040710449219,653200
2018-08-17,68.7169471132387,69.57602899119794,68.52389045482407,69.3636703491211,728900
2018-08-20,69.49878891352522,70.36752524781562,69.24781900265096,70.29995727539062,924300
2018-08-21,70.46406348424749,70.94669405605741,70.16483488631994,70.53163146972656,648200
2018-08-22,70.570232692327,70.78259129180726,70.11655884150227,70.43509674072266,492600
2018-08-23,70.31926480379944,70.52196873707177,70.08760421782495,70.22274017333984,703600
2018-08-24,70.30959939275037,70.35786538278691,69.64357438925398,70.2516860961914,727300
2018-08-27,70.50266053622225,70.81154374505434,70.21307930603616,70.28064727783203,992500
2018-08-28,70.47370135850882,70.57022597699009,69.86558226979977,70.0393295288086,1085600
2018-08-29,70.29030392183697,71.2555648970692,70.03933400625668,71.08181762695312,1014900
2018-08-30,70.86945006298717,71.11076527624797,70.15515909375485,70.44474029541016,491700
2018-08-31,70.11656706717366,70.41579565735033,69.8559498054646,70.16483306884766,821600
2018-09-04,69.8849133160423,70.26136460008196,69.28644871262506,69.54707336425781,909800
2018-09-05,69.34434359290105,70.24203657718644,69.20920764811459,70.15516662597656,766700
2018-09-06,70.4544014131156,71.42931712782625,70.24204280551949,71.27487182617188,1231600
2018-09-07,70.85015666710328,71.66097234696892,70.54127345129397,71.06251525878906,1027400
2018-09-10,71.42930769157716,71.8636721574726,71.0335471816382,71.34243774414062,1223600
2018-09-11,70.99495778125096,72.08570018737818,70.99495778125096,71.61272430419922,864400
2018-09-12,71.44860739434563,72.51040025824511,71.07215623872895,72.42352294921875,912500
2018-09-13,72.87720199498061,73.32122114990273,72.23047892353036,72.61658477783203,958000
2018-09-14,72.59730044595413,73.47569175122291,72.4332077947586,73.14749908447266,948100
2018-09-17,73.12816767722188,73.99690395808787,73.01233371832102,73.33087158203125,1884800
2018-09-18,73.47567852773774,73.93899973765363,73.1281839381219,73.51428985595703,2097000
2018-09-19,73.51427937312147,74.58571227990423,73.45635870687285,74.14169311523438,810100
2018-09-20,74.59538438798934,75.2035036574257,73.67838919336043,74.07414245605469,1944400
2018-09-21,74.36371898718191,75.09731951439724,74.13205837598267,74.9139175415039,1773000
2018-09-24,74.77876898470205,74.91390493218572,74.45057642341546,74.57606506347656,801800
2018-09-25,74.691887556918,75.04903674953103,74.46022699746014,74.71119689941406,895300
2018-09-26,74.60502231054639,74.91390553074226,73.89073124466039,74.30579376220703,709000
2018-09-27,74.30580701970455,74.83773273546481,73.90927373494603,73.95763397216797,935400
2018-09-28,74.03498589456099,74.4508587261639,73.70615261019088,73.98662567138672,1465200
2018-10-01,74.31545557233433,74.65396239528475,73.75451679851983,74.52822875976562,1606000
2018-10-02,74.52824307959872,75.04082910486161,74.31546985128524,74.66364288330078,2179800
2018-10-03,74.93444730786008,75.42768627074115,74.54758757676336,75.0698471069336,712700
2018-10-04,75.01181714845762,75.74684993687782,74.7990439166463,75.30196380615234,1127000
2018-10-05,75.17621978867338,75.29227252138499,73.88024103643089,74.02531433105469,954300
2018-10-08,73.67714447862701,74.7023163473412,73.50305799349304,74.54757690429688,663300
2018-10-09,74.22842750483181,75.00214696451975,73.8996015306426,74.14138793945312,795200
2018-10-10,74.16071928061142,74.16071928061142,71.73318194261067,71.82989501953125,1057600
2018-10-11,69.97298439692709,71.75253618142617,68.22245317927602,69.81824493408203,1584600
2018-10-12,70.93045490216657,71.04651503074031,68.29982506311353,69.63448333740234,1215800
2018-10-15,69.82790168305765,70.9401204763909,69.66348872004987,70.55326080322266,849800
2018-10-16,71.03682392355881,71.99430314511423,70.24376502146454,71.8879165649414,648100
2018-10-17,71.84922948494426,72.04265560492615,70.54358472823276,71.4236831665039,821700
2018-10-18,71.11422139147179,71.83958065883276,70.28247550793232,70.68867492675781,691300
2018-10-19,70.84342118818428,71.05619441876703,69.76021536827938,69.90528869628906,597100
2018-10-22,74.59592828740706,75.19556114192501,73.16455710772924,74.67330169677734,2471200
2018-10-23,73.28061926043263,73.87057866991209,72.61329381037494,73.3289794921875,1659900
2018-10-24,73.65780721021353,73.65780721021353,70.04067761023593,70.14706420898438,1402900
2018-10-25,70.87241616501228,73.19356668046247,70.84340298261344,72.75835418701172,981500
2018-10-26,71.58810681688999,72.43919958110544,70.73702143140913,71.48172760009766,1214600
2018-10-29,72.53592427847163,72.53592427847163,68.76405474024395,70.02134704589844,1379600
2018-10-30,69.89560539875525,71.82989649175092,69.78922617707663,71.70417022705078,952400
2018-10-31,72.71967577960709,74.83771950240943,72.55525542936756,72.62295532226562,1169900
2018-11-01,72.97112664841592,73.79320624470952,72.40051433250221,73.04850006103516,1087400
2018-11-02,73.64813715286343,74.27678325356287,72.33281857804882,72.67131805419922,2199500
2018-11-05,72.7390142491812,74.63461859792892,72.44887501812678,74.28644561767578,1216400
2018-11-06,73.89959437293534,77.01379681864411,73.89959437293534,76.91708374023438,2066700
2018-11-07,77.37162638292207,78.30008501406914,76.66560704553527,78.26139831542969,1286400
2018-11-08,78.42583914610498,79.53805814671445,76.57859474610247,76.82038116455078,1243800
2018-11-09,75.93058025267301,76.36579269009815,74.25741562196642,74.71197509765625,1383600
2018-11-12,74.6733070971641,74.77002017650402,72.48755608615387,72.63262939453125,1253100
2018-11-13,72.96146465424819,74.12203639458423,71.94595884740278,72.20709228515625,886000
2018-11-14,72.76801917428949,72.92276598294055,70.34048948813104,70.90142822265625,1722800
2018-11-15,70.79503183854588,72.9034088528521,70.34047975319359,72.53589630126953,981700
2018-11-16,72.17807911866896,72.76803857112459,71.45271986191887,71.74286651611328,1767900
2018-11-19,71.71384671358948,72.0910329020197,69.65382189198645,70.53392791748047,2292100
2018-11-20,68.78338773819877,68.85108762521658,59.827618716894854,62.91281509399414,6154700
2018-11-21,63.42542396797767,64.65369589959344,62.690391086594616,63.06757736206055,2477300
2018-11-23,62.49694778155203,63.3963934336566,61.89731488723734,62.56464767456055,1275800
2018-11-26,63.057883758712705,63.34803036071363,61.684538917208805,63.12558364868164,1786200
2018-11-27,62.680700417583765,63.32869354064808,62.06172785901018,62.56464767456055,1657800
2018-11-28,62.496931962245384,64.15074954032406,61.32668334495417,64.00567626953125,1762700
2018-11-29,63.676851938134654,64.74071782028231,62.70004036086685,62.96116638183594,1602400
2018-11-30,62.84511816156973,63.80259014547444,62.58398474312823,63.51244354248047,1943600
2018-12-03,64.47958886782088,66.19144053899325,63.71554303555128,63.81226348876953,1994900
2018-12-04,63.44475742377976,63.46410447017068,60.08876430173668,60.70773696899414,2308200
2018-12-06,59.63418438759707,60.320856726605264,58.07707972493984,58.918495178222656,2806000
2018-12-07,59.20864798020811,60.19513682109623,57.48712650209328,57.815956115722656,1485100
2018-12-10,57.167971986680165,58.08676096387968,56.09443987464254,56.926185607910156,1298000
2018-12-11,58.241507833801705,59.14095351565785,57.52581848342299,57.92234802246094,2900100
2018-12-12,59.21832268840039,60.09842500774261,58.78310644490862,58.83146667480469,1684500
2018-12-13,59.12161016139166,59.13127999384096,57.43877523390893,57.92234802246094,1074300
2018-12-14,57.022906286851835,57.47746592014597,56.52966363171587,56.77145004272461,983700
2018-12-17,56.48129722277483,57.525812417433855,55.64955152387258,55.95903778076172,1977100
2018-12-18,56.51031806537757,57.24534710276729,55.58185916887444,55.80430221557617,1618300
2018-12-19,55.88167906039278,57.53550106147586,55.10796321479822,55.562522888183594,1516000
2018-12-20,55.388423859287414,56.21049606791412,54.45996505414886,55.233680725097656,1465700
2018-12-21,55.19499392754872,55.97838311835256,53.734605831643535,54.0827751159668,2280800
2018-12-24,53.87967335571269,54.672732347545036,53.42511749267578,53.42511749267578,863600
2018-12-26,53.957046942411985,56.026737668870766,53.35741409149299,55.95903778076172,963400
2018-12-27,54.65338936791188,56.42326736450195,54.150476965723996,56.42326736450195,922500
2018-12-28,56.59735549947018,56.81979852330542,55.48513669092664,55.68824005126953,1027700
2018-12-31,55.784953395775304,56.548999235271566,55.68824032037691,56.53932571411133,676100
2019-01-02,55.630207470286216,56.94552589016571,55.407764456537066,56.55866622924805,803700
2019-01-03,56.42327075055185,56.558670535371625,55.06926552361928,55.41743850708008,1116800
2019-01-04,56.45228387448513,58.09643202271948,56.27819738294459,57.56450271606445,1161000
2019-01-07,57.467782565993616,57.91267229005692,57.06158323588864,57.57416915893555,1027200
2019-01-08,58.06742418127883,58.405923674111676,57.36140831810762,57.670894622802734,932500
2019-01-09,58.28018432461515,58.802443763197786,57.91267170282782,58.17380142211914,1065000
2019-01-10,57.98038121923246,58.77344034017502,57.63220820235665,58.75409698486328,839600
2019-01-11,58.086769682246995,58.657385769363906,57.81596638860934,58.483299255371094,898900
2019-01-14,57.78694642848414,58.50263575652681,57.72891636749664,58.11577606201172,1188500
2019-01-15,58.36723747610435,58.589684218339166,57.55483499680544,57.99005126953125,824200
2019-01-16,57.88365888094512,58.628361386737765,57.361403095179924,57.71924591064453,1422100
2019-01-17,57.43878249922138,58.99588766561267,57.371082595410286,58.53165817260742,1191600
2019-01-18,59.508466089134195,60.77542812140775,59.19897980007566,60.456268310546875,1836400
2019-01-22,59.7792672432746,60.32086638527402,59.24733424400025,59.72123718261719,1246900
2019-01-23,60.0500644212041,60.640023768257805,59.353718478535164,59.67287826538086,1273600
2019-01-24,59.769595315258385,60.282184974645794,59.3827393019978,60.13711166381836,858600
2019-01-25,60.582001573616125,61.74257706558767,60.53364503006893,61.67487716674805,1174000
2019-01-28,61.01720526319791,61.45242144412141,60.5239627177293,61.03654861450195,1035000
2019-01-29,61.48144940621141,61.57816249661394,60.814120227950966,60.87214660644531,1438200
2019-01-30,61.4427682156131,62.139114335063006,60.678725878292504,61.829627990722656,1354800
2019-01-31,61.839286298339644,62.70004895304798,61.60717342803322,62.67103576660156,1766900
2019-02-01,62.671041050863806,63.512453043695956,62.467933971143225,63.24165344238281,1074900
2019-02-04,62.93215342000919,64.34418487548828,62.87412705486464,64.34418487548828,1181200
2019-02-05,64.25714747231741,65.05020646360875,63.76390121592452,64.5376205444336,1546000
2019-02-06,64.55696851343562,65.93031348844295,63.26099695698133,65.78524017333984,3311900
2019-02-07,65.17592118566243,65.39836785133556,62.40988503698349,63.086891174316406,3505200
2019-02-08,62.632340464323136,63.725212150011814,62.00369445554852,63.570472717285156,1716200
2019-02-11,63.62849908221589,63.966998508868656,62.91281352604517,63.570472717285156,1392000
2019-02-12,64.08308828768432,65.72723333764999,63.91866787969774,65.40807342529297,1778600
2019-02-13,65.62082413444568,66.73304299341629,65.33068489649791,66.18177032470703,1911100
2019-02-14,65.89089705691654,66.25932495927351,65.28977084001852,65.82302856445312,1094000
2019-02-15,66.3272252087244,66.95742970000546,65.99757284060922,66.6277847290039,975800
2019-02-19,66.39506513795227,69.11950967350337,66.39506513795227,69.08072662353516,2067400
2019-02-20,69.47826266551722,71.62097671847131,69.15830798052684,71.55310821533203,4488100
2019-02-21,71.24283877870295,72.06695828724185,71.10709439887333,71.51431274414062,2356400
2019-02-22,72.0378690135196,72.22207925334172,71.3979597886659,72.18329620361328,1564200
2019-02-25,72.49355664840458,72.9395580429154,71.8827402296609,72.5517349243164,2042400
2019-02-26,72.6292962295464,72.94924343892734,72.24147313656711,72.51294708251953,1536500
2019-02-27,72.2317755250373,72.69716471603451,71.92151853007591,72.51294708251953,1088400
2019-02-28,72.4644777960172,72.60021479029872,71.51431883604658,71.53370666503906,2039400
2019-03-01,72.25118122085009,72.36753039665355,71.14588994060938,71.7567138671875,1253400
2019-03-04,72.49355796515381,72.51295318984695,70.83562131521184,71.39796447753906,1169400
2019-03-05,71.6015855182498,71.6015855182498,70.69989969890105,70.7774658203125,876900
2019-03-06,70.65142694789881,70.81624940929332,70.0018199226226,70.05030059814453,811000
2019-03-07,69.8564027681053,70.2442186397788,69.21649326503953,69.9145736694336,1609200
2019-03-08,69.07104339670964,69.80790670534631,68.73170088520327,69.71095275878906,1181400
2019-03-11,69.58490044871317,70.98106083909879,69.32312407407156,70.81623840332031,1232900
2019-03-12,70.99077220353361,71.57250334650927,70.73868599596946,70.83563995361328,1009800
2019-03-13,71.26223871248885,71.65975951306345,70.68050763099298,71.03923797607422,1119600
2019-03-14,70.90349951926783,71.22345419653195,70.63202551326623,70.85502624511719,799100
2019-03-15,70.85503463307721,72.08636541952669,70.82594918572126,71.56280517578125,2066200
2019-03-18,71.47553368328225,72.35782412021861,71.43675062932411,72.07665252685547,1265500
2019-03-19,72.5129529481588,72.87169063267756,71.38826662725295,71.5046157836914,1228600
2019-03-20,71.39796642507166,72.24148119157118,70.62232015262767,71.47553253173828,804400
2019-03-21,71.13619049136268,72.84260046567424,71.11679526602329,72.3966064453125,847600
2019-03-22,71.87303895018267,72.12512507397598,70.58353768752035,70.8453140258789,870600
2019-03-25,70.77744530799015,71.42704474304466,70.24418762422279,70.95196533203125,995000
2019-03-26,71.42704270849322,71.92151732870995,70.68048936959434,71.49491119384766,648900
2019-03-27,71.50461584601237,72.0572613946327,71.01014117710653,71.1943588256836,818700
2019-03-28,71.36887750909449,72.72625472121946,71.36887750909449,72.65838623046875,1049100
2019-03-29,73.19164153412027,73.50189856971946,72.5517396344331,72.9007797241211,973500
2019-04-01,73.50189875339652,74.83988823291442,73.45342548349778,74.75262451171875,1013000
2019-04-02,74.75264591761785,74.75264591761785,73.71522296168872,74.25817108154297,646100
2019-04-03,74.57811763692155,74.78172315951984,73.73461010003042,73.95760345458984,582000
2019-04-04,73.89941145690041,74.19997084769365,73.47280530446324,73.83154296875,914600
2019-04-05,74.19027880809794,74.71383892619986,73.92850244760248,74.37449645996094,689500
2019-04-08,74.10300793164534,74.56839707758333,73.97696858240211,74.36478424072266,929900
2019-04-09,73.87033708417275,73.8897249135012,73.08499314980762,73.26921081542969,987100
2019-04-10,73.43403764914704,73.51160376532567,72.60991800680699,73.21104431152344,1147300
2019-04-11,73.24981822720324,74.2096747544989,73.16255450811579,74.0545425415039,798700
2019-04-12,74.51024317742528,74.9756324755545,74.34542072902799,74.65567779541016,746600
2019-04-15,74.53932442881882,74.90775975993789,73.9478957734965,74.09333038330078,742700
2019-04-16,74.36480071806656,75.04349306472749,74.31632744859081,74.76232147216797,796000
2019-04-17,75.14045609609718,75.15984392681203,74.19028965460431,74.43267822265625,916200
2019-04-18,74.55870600565726,75.12104911549187,74.1030144303468,74.5877914428711,817200
2019-04-22,74.42298820727832,76.44935309106293,73.76369100450823,76.28453063964844,1103500
2019-04-23,76.47841955587295,78.13635606672636,76.43963650685114,77.88427734375,1508800
2019-04-24,77.9133661901826,78.67931479837777,76.98259516426597,77.01168060302734,1180500
2019-04-25,76.6335702263085,76.83717573492426,75.81914079473344,75.98397064208984,1076700
2019-04-26,75.81913519008741,76.69173544615981,75.47009508765844,76.57539367675781,785100
2019-04-29,76.64326889984063,76.74022284855356,76.06153041333882,76.07122802734375,582700
2019-04-30,76.37177909178843,76.58508219377532,75.30527097896531,75.56705474853516,1154900
2019-05-01,75.86760853819654,76.20695099472798,75.21800906467766,75.22769927978516,1127300
2019-05-02,74.35512169393147,75.0338067456329,73.75399536448714,74.40359497070312,1150600
2019-05-03,75.17921427837454,75.4991688576393,74.6071736005579,74.66535186767578,1365100
2019-05-06,73.38554094772638,74.67504208127076,73.08497419276118,74.66535186767578,857000
2019-05-07,74.10302793266523,76.72082131844063,73.24012528491124,75.84822845458984,1899700
2019-05-08,76.17788436925429,77.99095365209276,75.8482394435269,76.6238784790039,1844800
2019-05-09,76.11000645146203,76.81778428847865,75.31497228505097,76.23604583740234,976600
2019-05-10,75.86762353682651,76.67235537648574,74.68476611412015,76.26514434814453,752800
2019-05-13,74.83019160338621,75.48948873898433,73.19164267878689,73.50189971923828,1542100
2019-05-14,73.52129952747309,74.89806476796576,73.52129952747309,74.16120147705078,946800
2019-05-15,73.511601813448,74.84958399499948,73.2110423676262,74.4714584350586,661200
2019-05-16,74.94758783544098,75.79297367219002,74.86985708646206,75.30712127685547,684500
2019-05-17,74.481170953045,75.45287570803966,74.36456371357882,74.37428283691406,556500
2019-05-20,74.09249444895602,74.5491969123783,73.81069915421632,73.91758728027344,823000
2019-05-21,74.43257671981776,75.3168315337151,74.36455768901938,75.28768157958984,545300
2019-05-22,74.75324009244896,75.08361611969539,74.39370669792937,74.60748291015625,527900
2019-05-23,73.80098325562086,73.80098325562086,72.59607127065496,73.07220458984375,860100
2019-05-24,73.61634652650942,73.8787035206556,73.10134424700595,73.70379638671875,717900
2019-05-28,74.02446110993367,74.02446110993367,72.59605407714844,72.59605407714844,1324800
2019-05-29,72.12965289438571,72.71267431050252,71.01219085560875,71.77983856201172,1025400
2019-05-30,71.91587280488717,73.34428001688161,71.88672284766592,73.06248474121094,955700
2019-05-31,72.11022482351413,73.15966796875,71.64381059020079,73.15966796875,1063200
2019-06-03,73.41231739912116,74.75326766100838,73.36372918259846,74.67552947998047,1151700
2019-06-04,75.24881657761703,77.06589967599054,75.21966662191332,76.68693542480469,946100
2019-06-05,76.83269845113854,77.91129137519168,76.6577912901159,77.77525329589844,938200
2019-06-06,77.73637207378984,77.79467198051937,76.92014372550376,77.37683868408203,576400
2019-06-07,77.68779162266135,78.19308224309742,76.99788214133267,77.15335845947266,716300
2019-06-10,77.70722561640977,78.698361142993,77.6197683388627,77.8724136352539,784300
2019-06-11,78.36798961231256,78.56232759700941,75.8221204970778,76.15250396728516,999200
2019-06-12,75.81241175321789,76.2982641949967,75.29740935109552,75.63750457763672,905100
2019-06-13,76.31769695278471,76.59949223836219,75.78325633987582,76.11363983154297,521400
2019-06-14,75.9581463144108,76.45371773300968,75.70550845776782,76.08447265625,660800
2019-06-17,76.39544163712327,76.58006052627778,75.90958918883877,75.98731994628906,419800
2019-06-18,76.6189179252491,77.71694903554464,76.27882274602791,77.600341796875,749200
2019-06-19,77.73639272411407,78.46517140590264,77.48374737197507,78.34856414794922,866600
2019-06-20,79.29110432954403,80.14620923491633,78.91214007866992,79.5826187133789,1059400
2019-06-21,79.65064959758803,80.04904474034574,78.95102090311418,79.98102569580078,2319900
2019-06-24,79.97130748107286,80.49602154573557,79.55347412327163,79.66036224365234,865000
2019-06-25,79.87413067151971,80.2628140697317,78.9510140875955,79.99073791503906,872700
2019-06-26,80.65149945568815,80.81668749460576,80.1267779671975,80.46687316894531,1251400
2019-06-27,80.82640257803935,81.7398074286608,80.65149542395267,81.63291931152344,1633700
2019-06-28,81.85641716247555,82.12849334320117,81.21509579555372,82.0021743774414,1294900
2019-07-01,82.71151132580013,82.73094215893097,81.66206841228059,82.40056610107422,1088500
2019-07-02,82.42000704532761,82.52689517445737,81.43858304764525,81.9924545288086,909700
2019-07-03,82.10905858995221,82.45887292377203,81.37056083927486,82.39085388183594,500200
2019-07-05,81.87584616954322,82.34226030856124,81.19564838098992,82.3131103515625,663600
2019-07-08,82.02161807985237,82.02161807985237,81.14708214543373,81.18595123291016,983200
2019-07-09,80.64178312169956,81.77868342618846,80.2045189062559,81.62320709228516,733400
2019-07-10,82.00217471096325,82.08963200570642,81.24424608628208,81.44830322265625,466900
2019-07-11,81.66207195291388,81.72037186835304,80.80697440122279,81.67179107666016,678000
2019-07-12,81.92442964785174,83.07104161304166,81.92442964785174,82.79896545410156,1031100
2019-07-15,82.93500621732474,83.01274438340016,82.2062275907867,82.39085388183594,1299900
2019-07-16,82.54631034655594,83.40141521733521,82.40056057405351,83.32367706298828,706300
2019-07-17,83.32368618698715,83.42085518380165,82.21594331355948,82.3422622680664,701800
2019-07-18,82.16734011894691,82.16734011894691,81.03044749522539,81.56488800048828,705700
2019-07-19,81.86613506855453,82.39085658650949,81.5260398477096,81.53575897216797,793600
2019-07-22,81.52601618631473,82.26451374689996,81.52601618631473,81.74950408935547,439000
2019-07-23,82.17707167785365,82.52688598632811,81.40942402389683,82.52688598632812,524800
2019-07-24,82.22565443872139,83.23622821703007,81.69121388795094,83.22650909423828,604400
2019-07-25,83.34334597124005,83.34334597124005,82.19445373486734,82.27234649658203,600700
2019-07-26,82.38918176442478,82.86626190803088,82.33075848175507,82.72021484375,546400
2019-07-29,82.75917487255568,82.79812125800497,81.82448390656313,81.9607925415039,673500
2019-07-30,81.3960834864593,82.2334122275627,81.21109743546927,82.01921081542969,815100
2019-07-31,81.98025797043998,82.48655352800732,79.89667473554027,80.3348159790039,1211500
2019-08-01,80.6561066704262,80.6561066704262,78.31938320011533,78.44595336914062,1258800
2019-08-02,78.1343829728228,78.54330880186029,76.92707496069508,77.56967163085938,1079700
2019-08-05,79.05934087062444,81.26950156396359,75.51530191335068,78.86461639404297,2447800
2019-08-06,79.9550903519361,82.16524354999503,79.3514326076178,81.95104217529297,1634100
2019-08-07,81.11371409793296,81.67842546606568,78.42648072979007,81.42527770996094,1522800
2019-08-08,81.72711260890699,83.67438709620419,81.72711260890699,83.27519226074219,1379400
2019-08-09,83.5867598053404,84.15147121594853,82.15551180146878,83.63544464111328,868400
2019-08-12,83.12916098963416,83.26546963539333,80.51981238354354,80.76322174072266,843000
2019-08-13,80.58795225116627,82.6520659039751,80.03297931347531,81.67842864990234,825500
2019-08-14,79.68246224880384,80.22770411400114,78.37779200949116,78.64067077636719,798200
2019-08-15,78.86462915379572,80.00378312545611,78.76726689975244,79.52670288085938,905200
2019-08-16,80.13035870232123,81.46423714812911,80.07193540877071,81.27925109863281,827900
2019-08-19,82.63259285413788,82.65206232994184,81.76605632974486,81.77578735351562,1026800
2019-08-20,81.62976117027048,81.65897653384451,79.99405736681207,81.36688232421875,1070300
2019-08-21,82.40864602225373,83.8593632648665,82.23339104186508,83.76200103759766,968400
2019-08-22,84.21963333598372,85.16406278272446,83.74255309989024,84.26831817626953,767200
2019-08-23,83.66465784896998,84.7064495171655,82.42814168192545,82.76891326904297,986600
2019-08-26,83.59649769961833,83.68412148950846,82.44760540872677,83.35308837890625,729600
2019-08-27,83.83991700384027,84.11253428697852,82.32104503877643,82.77864837646484,756300
2019-08-28,82.70074486258108,83.40176482423215,81.82446991051725,83.24597930908203,623500
2019-08-29,84.16120763191445,85.93322715852138,83.73280485792283,85.47561645507812,1003400
2019-08-30,86.16690785776116,86.61478015975449,85.66061969019677,86.51741790771484,774500
2019-09-03,85.7384961847864,86.94581175590051,85.31010083437896,86.93607330322266,906900
2019-09-04,87.63707490540777,88.80543642016693,87.48128940836716,88.47440338134766,1082000
2019-09-05,89.07807010755309,89.81803649900314,88.60098993397601,88.95149993896484,1075500
2019-09-06,89.01966330300456,90.25617947039342,89.01966330300456,89.88619995117188,859400
2019-09-09,90.43141856388284,91.45374057373164,89.5551510448835,89.69145965576172,1555200
2019-09-10,89.50648824019427,89.74989759498341,86.97503243603998,87.59815979003906,1669900
2019-09-11,87.62734928845279,88.22126858344663,86.71212792995163,87.43262481689453,1410400
2019-09-12,87.62735024062813,88.3673166114625,87.51051109946611,87.99732971191406,1057700
2019-09-13,88.54257165702438,89.39936974122224,88.37704768322294,88.80545043945312,1038600
2019-09-16,88.75677988244986,90.53853049695122,88.45494726806471,90.22696685791016,1374700
2019-09-17,89.81803931335942,91.42454231518592,89.55516051551211,91.08377075195312,1096900
2019-09-18,90.70404461116883,91.61925852284084,90.13933325553863,90.71377563476562,988800
2019-09-19,90.67484044887793,91.21034394329799,89.26306931378971,89.80830383300781,1015500
2019-09-20,90.06144451142826,90.5385246781158,89.08780727346688,89.37016296386719,4341500
2019-09-23,88.84440780178917,89.37017285989822,87.8902399344957,88.88335418701172,1027600
2019-09-24,88.93200683815458,89.4090943531091,87.47155122609436,88.03626251220703,844700
2019-09-25,87.28658861334978,89.13650103645503,87.24764222853811,88.86387634277344,585800
2019-09-26,88.70809024861626,89.28253265929942,88.01680869401291,88.5815200805664,449600
2019-09-27,88.73730527302835,89.07807685138219,88.05576211632071,88.2991714477539,518300
2019-09-30,88.29917048287318,89.47727074274472,88.29917048287318,89.08781433105469,666400
2019-10-01,89.59409679578188,89.94460680129174,86.96527918272068,87.16000366210938,698000
2019-10-02,86.40056531475024,86.65371307330486,84.65775378963721,85.5729751586914,1336800
2019-10-03,85.192531601861,86.00221848768659,84.12920633583458,85.85588836669922,486300
2019-10-04,85.91441470687153,87.6801111007207,85.80710645106932,87.62158203125,533000
2019-10-07,87.18261108519947,87.86547513156718,86.72411346435547,86.72411346435547,472000
2019-10-08,85.94367931879879,87.22162106377509,84.81207513294845,86.17780303955078,1053600
2019-10-09,87.08503954184573,87.22161977314386,86.27536013567213,86.88018035888672,556100
2019-10-10,86.97772887580042,88.43125764315671,86.43143034047874,87.44597625732422,820700
2019-10-11,88.44102943159731,90.31403414932461,88.30444919343674,89.60189819335938,883900
2019-10-14,89.24095865371041,89.96284449040878,88.74343921905248,89.1141357421875,434400
2019-10-15,89.56286860931199,90.73350203895411,89.12388572485777,90.32377624511719,580000
2019-10-16,89.61165302707973,89.94332768045545,89.21168453519364,89.56287384033203,794100
2019-10-17,90.03110418567779,91.27977362237978,89.81648773074646,90.97736358642578,747100
2019-10-18,90.69449184498161,90.870086509879,90.06039958603773,90.62620544433594,648800
2019-10-21,91.45538955142503,92.12850360017428,90.78227550267577,90.8310546875,802200
2019-10-22,90.9578724867491,91.73829480804854,90.75301330200624,91.23101806640625,554400
2019-10-23,91.21151851310739,91.69928064419354,90.28477344110753,90.62620544433594,665900
2019-10-24,90.94812112108916,91.50416959708657,90.74325449702704,91.0846939086914,457300
2019-10-25,90.92860288382522,91.72853236937276,90.92860288382522,91.6309814453125,405100
2019-10-28,92.02121468779382,92.42117580530942,91.69928986267576,92.09925842285156,463400
2019-10-29,91.50418054994545,92.71382857464013,91.49442322318914,91.98218536376953,622400
2019-10-30,92.16753302731833,92.64553781867802,91.6797709096609,92.51871490478516,467500
2019-10-31,92.21629573692073,92.67479327341458,90.77252417802369,91.28955078125,737400
2019-11-01,91.94317383607657,93.96250902739592,91.86513009857137,93.7186279296875,1043900
2019-11-04,94.23563502945306,95.1721373563885,94.1283267734091,94.6160888671875,748200
2019-11-05,94.97703369928675,95.35748752982425,94.51853614898292,94.94776916503906,694800
2019-11-06,94.96727518208053,95.00629704147408,93.96248649133703,94.56731414794922,832700
2019-11-07,95.2306866616385,95.6794269550779,93.1235505609736,93.367431640625,897200
2019-11-08,92.91867623792776,93.45521750297927,92.10898939890774,92.28458404541016,1546100
2019-11-11,91.63097880041202,93.21133051814206,91.28954685472726,92.79185485839844,992800
2019-11-12,92.69429434534175,93.40643019496585,92.62600795778803,92.87964630126953,768700
2019-11-13,92.43092062941767,92.43092062941767,90.72375322992974,90.93836975097656,1079200
2019-11-14,90.9188502014149,92.41140844212245,90.81154194667137,92.1870346069336,886300
2019-11-15,92.53821339218702,92.61625710361724,91.9236359106545,92.02118682861328,910500
2019-11-18,91.87487111014978,91.87487111014978,90.53840025269685,91.4066162109375,1346100
2019-11-19,91.67975838985838,92.84062701034635,91.40660538943825,92.19678497314453,1053500
2019-11-20,91.88463260572422,92.4406811372749,91.35784861120366,91.95291900634766,837300
2019-11-21,92.12851486563518,92.32361674347179,90.75302206611055,91.00666046142578,781600
2019-11-22,91.45537557775017,91.85534399275248,90.72373257312817,91.09442901611328,1039300
2019-11-25,92.92843220423914,93.31864335105469,88.2068914688223,88.52881622314453,2948800
2019-11-26,88.65564559479957,89.52386162531108,87.03627912898901,89.23120880126953,2089200
2019-11-27,89.50435105538448,91.1529894401265,89.40680011769797,90.2652587890625,1302200
2019-11-29,90.27500411918737,90.55790701074555,89.37752370348049,89.83601379394531,992100
2019-12-02,90.18721016718092,90.72375145932659,87.11431486220195,87.17284393310547,1454300
2019-12-03,85.9144174386437,86.68508246270086,85.05595880758894,86.46070861816406,1213900
2019-12-04,86.50949628464845,86.7436200355804,84.13897190881544,84.17799377441406,1637400
2019-12-05,84.61697476577814,84.61697476577814,83.30001846381981,83.54389953613281,1177100
2019-12-06,84.01214659763387,84.36333590427023,82.4025301826604,82.9390640258789,1936700
2019-12-09,82.71470994778174,83.74876336985668,82.5293579409343,83.73900604248047,967000
2019-12-10,83.77800848899815,85.08521467596667,82.9878363358751,84.9974136352539,964700
2019-12-11,85.35835853946587,86.16804532670677,85.12423483998764,85.93391418457031,1731900
2019-12-12,86.0997712392387,87.93375412539183,85.91441925256275,87.81668853759766,1980100
2019-12-13,87.81666632117367,88.52880210877383,87.0752734473507,87.82642364501953,1753000
2019-12-16,87.96300274499188,88.1678619045685,86.65580407645795,87.08502960205078,1642900
2019-12-17,87.96302118468745,87.98253583787584,87.11431983747931,87.25089263916016,755000
2019-12-18,86.98749962641261,87.18260895107014,85.6998078543119,86.20708465576172,782600
2019-12-19,85.93393439194666,86.37292480468751,85.49495142186579,86.3729248046875,666600
2019-12-20,87.09479644846846,88.09958514976304,86.55826262215497,87.83619689941406,1400600
2019-12-23,87.9142475908509,88.63613344781291,87.59232280393809,88.18739318847656,865400
2019-12-24,88.20689487298654,88.38248952369733,87.32892161943262,87.37770080566406,212100
2019-12-26,87.53378215493812,87.89472131435674,87.32891554115231,87.88496398925781,328000
2019-12-27,88.02154081417652,88.23614985945855,87.20209671864686,87.34842681884766,369700
2019-12-30,87.14358784247743,87.79718733976847,86.9875003813967,87.4264907836914,579500
2019-12-31,87.50451711848774,88.20689572814034,86.86067502141215,87.63134002685547,537800
2020-01-02,87.69963055812349,88.22641454020344,86.48998258593579,88.0605697631836,1186000
2020-01-03,86.94847289642313,88.73368404318732,86.90945103367504,88.66539764404297,588900
2020-01-06,88.46055088567101,88.8605120104266,88.07033964597898,88.49957275390625,575900
2020-01-07,88.01179983649067,89.00683130588564,87.24113477877304,88.81172943115234,619100
2020-01-08,88.68490927723907,89.40679510685217,87.28990936279297,87.28990936279297,930100
2020-01-09,87.32892675489298,88.70441950679107,87.32892675489298,88.66539764404297,659300
2020-01-10,88.67516178537377,89.30925407910868,88.08009135738591,88.4117660522461,745700
2020-01-13,88.72392688189545,89.16291725663378,88.14837115127366,88.9092788696289,608500
2020-01-14,88.87026190440098,90.81155317009332,88.62638083032597,90.31404113769531,581200
2020-01-15,90.05064175408133,91.03592333729028,89.98235535381889,90.49938201904297,684600
2020-01-16,91.6212262369105,92.08948110294,90.66521673931076,91.18224334716797,570800
2020-01-17,91.69927978515625,92.28459284844452,91.26029684835491,91.69927978515625,806100
2020-01-21,91.69926760549777,92.66503440378153,91.07493276189429,92.46993255615234,813800
2020-01-22,92.40164219036367,92.55772217322124,90.81153317421993,92.52845764160156,906200
2020-01-23,92.12850269330747,93.97224273310265,91.54318225181302,93.70884704589844,1025900
2020-01-24,93.71862417673056,95.5331000664335,93.71862417673056,94.62586212158203,1215700
2020-01-27,93.17231848201827,94.1185781474132,92.25532335181552,92.94794464111328,758500
2020-01-28,92.94794794997466,93.62106205399287,92.41141408614705,92.51871490478516,1074500
2020-01-29,92.8894305478475,93.09428976988238,92.24558089917196,92.46019744873047,811700
2020-01-30,91.53156715801178,92.5383741107498,91.29697317329814,92.3624267578125,725600
2020-01-31,91.80525769534289,92.20602955000453,90.23150850662265,90.4465560913086,1185600
2020-02-03,90.62250460757457,92.1962538166199,90.3292639990767,90.94507598876953,1436900
2020-02-04,92.19626183541818,93.38879313681139,89.24426435718331,93.31059265136719,1948500
2020-02-05,94.32716231629522,94.63995675313303,93.22260859256336,94.571533203125,1026500
2020-02-06,94.58130673053178,94.72793074888624,93.45719919995737,93.85796356201172,876100
2020-02-07,93.62339782714844,94.29786404031198,92.91960829299684,93.62339782714844,682400
2020-02-10,93.2617225950655,95.10916617557798,93.2617225950655,94.83546447753906,725400
2020-02-11,95.17759287268089,95.94980590940843,94.98209165335234,95.52948760986328,801700
2020-02-12,95.92047825610966,97.22053344093567,95.6858842428869,97.02503967285156,911700
2020-02-13,96.80998037328017,97.40624598888928,95.63699553346841,96.9957046508789,1046600
2020-02-14,97.25962428454534,98.40327837826621,96.8099826953288,98.39350891113281,844400
2020-02-18,97.7483650213192,99.37099146032514,97.5137710333984,98.2957534790039,1057400
2020-02-19,98.77471171289461,99.41007002859403,98.45214036462401,99.17547607421875,629700
2020-02-20,99.7033350691334,100.24095407460845,98.85292158527521,99.73265838623047,893800
2020-02-21,99.31232376368419,101.65828569430502,99.12660696676186,101.52143859863281,1157600
2020-02-24,99.1559609729279,100.95452762000184,98.7258657061886,99.65447235107422,1112200
2020-02-25,99.5567017327575,99.94769665864052,96.44830363127981,96.4874038696289,1301200
2020-02-26,97.15209628852277,99.12661737501541,96.42876049864725,97.58219146728516,1568800
2020-02-27,96.35056199265274,96.3798853086038,91.2187728881836,91.2187728881836,1587100
2020-02-28,88.84349298623906,90.4367887341112,86.65393158415522,90.2608413696289,2068400
2020-03-02,90.48566754499045,94.8745673539799,88.1885822974851,94.7083969116211,1303300
2020-03-03,94.71816162391661,99.6153565114617,93.74067803121903,95.40239715576172,1973800
2020-03-04,96.02799490470258,99.11684692182779,96.02799490470258,99.00932312011719,1273000
2020-03-05,96.99570469025976,98.10025851657659,94.15122372372946,95.07006072998047,1172900
2020-03-06,92.3722073167735,92.74364842865211,89.35178633971843,91.95188903808594,1361600
2020-03-09,85.71554621882346,88.618673939378,80.98452133335459,86.9374008178711,1834300
2020-03-10,88.99987838943971,90.35857989952954,86.47796909221685,90.20217895507812,1447500
2020-03-11,88.0517301251199,88.2667777241295,83.94629426724846,86.01856231689453,1852300
2020-03-12,75.70610525252712,83.68237536803782,75.70610525252712,77.33850860595703,1621000
2020-03-13,80.6033051372769,84.81625750464681,78.8829317343677,84.80648803710938,1956700
2020-03-16,77.27008645656818,79.87018911927686,73.9466405145723,77.0941390991211,1886200
2020-03-17,77.89569162969846,79.59651146757189,74.6211147141195,78.77542114257812,2283200
2020-03-18,74.32787095680607,79.12731266017322,63.663518845127456,77.64154052734375,1764300
2020-03-19,74.38648750392777,76.23393058933499,71.1216964285882,73.00823974609375,1685700
2020-03-20,73.01801197521866,73.72180126441903,64.01539014234585,64.17179107666016,2207300
2020-03-23,63.350717508891925,63.47779516536592,57.95501065565872,61.59124755859375,1925400
2020-03-24,64.36729875123774,69.3915642631755,64.12292783156136,67.92533874511719,1465300
2020-03-25,67.84715107662775,75.02187826527671,66.89899064018789,71.6006851196289,1400300
2020-03-26,72.51951306046614,78.62878576180994,71.87437028355225,78.02274322509766,777100
2020-03-27,76.20461307941189,76.77155530157613,72.35332568709198,73.19396209716797,822300
2020-03-30,73.40903529616925,77.91523641995855,71.12172667764361,76.23396301269531,976400
2020-03-31,76.09710523348132,80.46645860474322,73.98574430057079,77.4851303100586,1335600
2020-04-01,73.8977701705844,77.7295046891637,73.35038165581855,77.43626403808594,1248900
2020-04-02,76.36102199740733,80.59352034426747,76.1459744108364,79.35211944580078,1119200
2020-04-03,78.47238812791046,79.3716713178482,74.97299478639485,77.19188690185547,1003900
2020-04-06,79.75289008275544,82.95904282603749,79.65514320601831,81.54168701171875,1053700
2020-04-07,83.94629644661123,84.9042337422665,79.94839174206193,80.03636169433594,779200
2020-04-08,81.20936094709786,82.10864430922969,78.46262622700715,79.11754608154297,1162200
2020-04-09,80.02659056624636,81.97178097700687,77.85657563054765,79.47919464111328,1779300
2020-04-13,78.77540633758568,79.08820827506987,77.29941134752764,78.03252410888672,815300
2020-04-14,79.51829207837483,80.82812402496864,78.64833224133618,79.96793365478516,741900
2020-04-15,77.92500580927785,78.74608858032151,76.81067492994191,78.21824645996094,608400
2020-04-16,77.70994519768962,78.57990499386015,76.13619602537935,77.27008056640625,965700
2020-04-17,79.39123309220648,83.0274739143853,79.23483210915781,82.30413055419922,1017300
2020-04-20,81.8153936934896,82.04999518247125,78.31600724535917,78.88294219970703,1501500
2020-04-21,77.93477686313737,78.22801749172706,76.24372682026322,76.4489974975586,637700
2020-04-22,77.90545103116827,78.6581176866131,77.31896227917031,77.71973419189453,469400
2020-04-23,78.7460899094359,79.723573676763,77.8859068789274,77.95433044433594,645100
2020-04-24,77.71972741943682,78.60923366664065,76.87909088036903,78.19869232177734,701500
2020-04-27,79.1761855609479,79.75289740698628,77.78816039402666,77.9934310913086,1054500
2020-04-28,80.016815646928,82.58759507289419,79.18595600000884,81.61988830566406,878700
2020-04-29,83.19364189814485,83.99517826847236,80.74015561700693,80.86723327636719,959800
2020-04-30,80.49578479618351,81.66876976310171,79.31303036130761,80.88677978515625,788100
2020-05-01,79.69424097404452,79.9874890527604,77.70995035321133,78.96112823486328,809400
2020-05-04,77.925004072483,79.33258302873904,76.31215442804113,79.20550537109375,917300
2020-05-05,79.6160326118153,80.93564137781624,79.4694160445776,79.70401000976562,676900
2020-05-06,79.88973764792908,81.70785027698038,75.78430206679823,76.5858383178711,1169800
2020-05-07,77.20167515115494,78.34532942726524,75.03165988410895,76.78135681152344,1343600
2020-05-08,77.35805174884104,78.77539999022164,77.23098156518331,78.16936492919922,752500
2020-05-11,77.25053730784201,77.87612629291972,76.29260743714569,76.80089569091797,1219800
2020-05-12,77.0648098711353,77.48512815249188,72.93983499952552,72.97893524169922,956400
2020-05-13,72.6758962803079,72.95936738845319,69.50885184818604,70.44723510742188,1010700
2020-05-14,69.22538748006602,70.29084847011512,67.61253806656885,69.98782348632812,970300
2020-05-15,69.04943381673215,70.74048355242644,68.58024591317336,70.48633575439453,766800
2020-05-18,73.26239088263596,76.05799450067009,72.92027312328376,75.6279067993164,1244300
2020-05-19,75.49073063618427,75.74550414342407,72.75683648917196,72.7862319946289,729900
2020-05-20,73.756308843558,75.19674818021333,73.25657038159045,74.8733901977539,783800
2020-05-21,74.9517914924075,75.82389308142972,74.47164743772483,75.4221420288086,661300
2020-05-22,74.78520179432472,75.82388276442306,74.71660979584591,75.54951477050781,770600
2020-05-26,77.47991329033155,79.56707660309772,77.07816221929664,78.98894500732422,838100
2020-05-27,80.57635767090116,82.6733216645343,80.22359667421826,82.52633666992188,1090400
2020-05-28,83.40824308543029,83.43763859054216,81.8208185256795,82.59493255615234,797600
2020-05-29,81.47786838649863,82.72232560160589,80.85073928150415,82.33036804199219,1296100
2020-06-01,82.30096759752547,84.07457376631709,81.54645550819313,83.37884521484375,727400
2020-06-02,83.91778538310685,84.15295690771863,82.91830079653079,83.64341735839844,729400
2020-06-03,84.79968659142321,86.24012617411184,84.49592306548432,86.04414367675781,690500
2020-06-04,85.3386148848275,85.82855987548828,84.8584708872508,85.82855987548828,672000
2020-06-05,88.19009614442292,89.64033657044561,86.96523369797261,87.26899719238281,765900
2020-06-08,87.35719232082755,88.513462784468,86.98482934760798,87.70995330810547,884700
2020-06-09,86.2695137939712,87.46498075266756,86.04413581160746,86.8084487915039,645400
2020-06-10,86.98483415647205,86.98483415647205,83.13386606243077,83.16326904296875,822700
2020-06-11,80.68413342872532,81.17407839482435,77.98943611518061,78.5185775756836,1330900
2020-06-12,81.16428420032076,81.23287619596307,76.9997520232608,78.871337890625,1071700
2020-06-15,78.29320015707208,80.95850173320554,76.89195737885338,80.73312377929688,987300
2020-06-16,84.14315878766189,86.30871483677674,82.81050776113466,83.40824127197266,1179000
2020-06-17,83.800189347878,84.623300833783,83.23185883071663,83.70220184326172,1201000
2020-06-18,83.05547805046238,83.90797756129815,82.71251804748435,83.4278335571289,812800
2020-06-19,84.93685565132002,85.7207705508186,83.30044133528077,83.85897827148438,2310800
2020-06-22,83.37884863036531,84.44693277311073,81.91881441142522,83.93739318847656,755900
2020-06-23,84.9956518290938,85.31901730552994,83.58461539040637,83.60420989990234,792800
2020-06-24,82.57532621288617,82.98688569064568,80.80172772232892,81.2132797241211,894100
2020-06-25,80.43916767082902,82.07558967614844,79.88063066181805,81.95800018310547,717700
2020-06-26,81.49745164704085,81.78162065162323,80.10600960471413,80.84092712402344,1336900
2020-06-29,82.00699522915093,83.27105420679665,80.85072474792234,83.12406921386719,662500
2020-06-30,82.84969305524187,83.49641649408822,82.67331257628986,83.09466552734375,903900
2020-07-01,83.72180774890839,84.25094926976706,81.97760466680076,82.21277618408203,1076900
2020-07-02,83.92759219378114,84.75069632495214,82.94770205135747,83.93739318847656,915200
2020-07-06,84.70169170605398,85.45620369626265,82.55573027166788,83.20246124267578,634300
2020-07-07,83.3886362970029,83.3886362970029,81.67382882184023,81.84040832519531,660700
2020-07-08,81.33087777775181,82.62433240240745,79.25350808774263,79.95903015136719,1368500
2020-07-09,79.7826451016104,80.40977412786779,77.22513150429263,77.26432800292969,953200
2020-07-10,77.20553672055618,77.98944426262823,76.66659421115791,76.98995971679688,839600
2020-07-13,78.31281554733317,78.68517857256589,76.98996539824363,77.1467514038086,680900
2020-07-14,76.31383962285216,78.39120936230174,75.95128506417123,77.45051574707031,1559200
2020-07-15,78.69496530779088,80.06681283436455,78.0188462759829,79.52787780761719,1524300
2020-07-16,79.90023592900086,81.73263302198804,79.49847741825187,80.9585189819336,770900
2020-07-17,81.67382882184023,82.15397282161493,81.19368482206552,81.84040832519531,545200
2020-07-20,80.97811279377123,81.64443832401102,80.76253578752193,81.311279296875,465400
2020-07-21,81.72283983717251,82.79091651001166,81.72283983717251,82.27157592773438,480300
2020-07-22,81.67383790383536,83.05548652592492,81.67383790383536,82.69292449951172,376100
2020-07-23,82.65364897790322,83.99912296305274,82.34919247987138,83.12505340576172,507800
2020-07-24,83.31163033312427,83.37055399591527,82.22149761447452,82.43756103515625,564400
2020-07-27,82.13311544277126,82.9384380759163,81.43582453419273,82.7027359008789,511200
2020-07-28,82.66345080400254,82.98754597710526,81.92687495213474,82.21168518066406,566800
2020-07-29,82.80094870413777,85.17763927197693,82.41792984051506,85.16781616210938,765900
2020-07-30,84.08750869759471,84.56873619478921,83.1250462103681,83.85179901123047,567600
2020-07-31,83.7339411584837,84.19552987033816,82.04472608226598,83.82232666015625,906900
2020-08-03,84.16607599820587,89.81315831119551,83.82234205163499,88.88016510009766,1290800
2020-08-04,89.23372667971415,90.84437224770586,88.51678941809955,90.70687866210938,965800
2020-08-05,90.8934646840675,91.47290076762765,90.13724260046185,90.47116088867188,738400
2020-08-06,89.93100252165293,90.56936977138218,88.408742733286,88.85069274902344,692100
2020-08-07,88.47749800563572,89.7935175767582,88.1435871772368,89.68548583984375,551800
2020-08-10,89.64619937869243,89.92118652516828,88.85069977741047,89.48906707763672,677400
2020-08-11,90.54971956310482,90.77560611579744,88.81140389106339,89.3515625,931900
2020-08-12,90.7264935926392,90.79524036740402,88.51676619869423,88.87032318115234,953600
2020-08-13,88.27125310381462,89.0863988975899,87.64270893563156,88.34982299804688,612200
2020-08-14,87.59360718744185,88.67391699360256,87.59360718744185,88.38910675048828,472300
2020-08-17,88.34001106513512,88.58553639604749,87.81949856245505,88.35965728759766,594100
2020-08-18,88.55606641628272,88.86052289376258,87.7409205942899,88.25161743164062,506100
2020-08-19,88.08465678817048,88.5265993198092,87.70163792932698,88.17304229736328,851900
2020-08-20,87.27932250214012,87.71144186649241,87.20075262031739,87.43645477294922,515500
2020-08-21,87.28914064663644,87.70162879173795,86.6311347261895,87.23021697998047,756300
2020-08-24,87.52484522943743,88.31052154641095,87.1516420480016,87.77037048339844,469600
2020-08-25,88.38909927878598,88.38909927878598,86.72934601684322,86.89630889892578,634000
2020-08-26,86.36598217446455,87.26951348278594,85.75707673128923,86.8570327758789,531100
2020-08-27,87.37754108830481,88.20250246316185,86.53293349432992,87.4855728149414,440300
2020-08-28,87.79003311710726,87.90788796852814,86.86685551307235,87.85877990722656,354100
2020-08-31,87.24986143152465,89.02746958497032,87.05344420122118,88.65426635742188,798700
2020-09-01,88.36946272121948,90.18634830794979,88.01590571600487,89.80332946777344,650800
2020-09-02,90.07832323026078,91.44344329833984,89.28282365625662,91.44344329833984,605800
2020-09-03,91.67914448629176,91.75771437968564,88.64445540911817,89.37120819091797,1210100
2020-09-04,89.9997537931372,90.71669096936779,89.27300099970333,90.31402587890625,938100
2020-09-08,89.43012813801249,89.705115260595,88.40874204496528,88.99800872802734,1185300
2020-09-09,89.9211814540871,91.76753646402219,89.50870075763507,91.13899230957031,911700
2020-09-10,90.86400281001598,91.16845928747519,88.77212988046371,89.48906707763672,895300
2020-09-11,89.97028951011885,91.51218805976444,89.53816259411917,91.13899230957031,719600
2020-09-14,92.06216697873752,93.14247683054768,91.38452222681208,92.34697723388672,740200
2020-09-15,92.38625214131876,93.39781509696961,91.91484030644888,93.17193603515625,747300
2020-09-16,93.59423522642533,93.89868416125782,92.67105782036995,92.946044921875,778800
2020-09-17,92.13089940354244,93.91832305946565,91.07023593761055,92.6906967163086,615600
2020-09-18,92.28804355184316,93.6335172923815,91.79699299127601,92.425537109375,1636300
2020-09-21,90.84435432927762,90.97202477848124,87.0730895947645,87.69181060791016,1060300
2020-09-22,87.87841166467243,90.11760102324632,87.87841166467243,89.69529724121094,588600
2020-09-23,90.65774537366212,90.96220179377325,87.67215728759766,87.67215728759766,860700
2020-09-24,87.53467536237311,89.16496691561919,86.57222040321113,88.40874481201172,544200
2020-09-25,87.5248478439971,89.46940371746814,87.40699302115424,88.80157470703125,552500
2020-09-28,89.930995530563,91.72824230393832,89.7247552030532,90.81488800048828,461700
2020-09-29,90.73632182412423,92.25858155636566,90.6184669923721,91.31576538085938,508100
2020-09-30,91.5416391945835,93.19156928034413,90.61846179753992,91.10951232910156,767500
2020-10-01,91.49333634974013,92.83173574357642,89.50541629056491,89.99747467041016,657200
2020-10-02,89.18065875642132,94.15044362547172,88.76732403293637,92.74315643310547,876200
2020-10-05,93.11712080118355,95.77423277216556,92.97934506984161,94.83932495117188,827300
2020-10-06,95.43963624379658,96.23676832953211,93.41235083447019,93.75679016113281,831700
2020-10-07,94.69171036437925,96.64025723172742,93.90441399869005,95.7840805053711,713400
2020-10-08,96.00057889965466,97.42754498965188,95.48883405470518,97.4177017211914,675700
2020-10-09,97.12248655408261,97.99834987980897,96.4139212774916,97.74247741699219,680500
2020-10-12,98.08690542253083,99.83863187105716,97.447228093699,99.17927551269531,929800
2020-10-13,98.90371793125982,99.70084997165948,97.63420662100725,97.70309448242188,676300
2020-10-14,98.14595698252343,98.55928417428652,97.01422133136944,97.33898162841797,651900
2020-10-15,96.46312335377469,98.49040902367668,96.23678069925256,97.79168701171875,775700
2020-10-16,97.821207208642,99.68118727987844,97.6145435905285,97.7523193359375,1202600
2020-10-19,98.57896634684927,99.38594172668473,95.5282061307988,96.17772674560547,566300
2020-10-20,97.26025989529428,97.69326615833164,96.2269343077931,96.4040756225586,556900
2020-10-21,96.2662957107935,97.42755372215382,95.54788721306622,96.10884094238281,491100
2020-10-22,96.01042480630288,97.38818971602807,95.92185790544065,96.96501922607422,388900
2020-10-23,97.77199968525423,98.14596886344619,96.78788291437453,97.63422393798828,301400
2020-10-26,96.23675267088414,96.7288109169722,93.80598373389516,95.00660705566406,592100
2020-10-27,95.40027295576608,95.40027295576608,93.589494368002,94.12091827392578,453200
2020-10-28,91.96570233098727,93.32378817809902,91.59174068908604,91.71967315673828,674300
2020-10-29,91.24730323955379,94.34727240103769,91.03079636040927,93.22537994384766,557500
2020-10-30,93.01870194476673,93.68790156342898,91.7885561390063,93.49108123779297,626900
2020-11-02,95.24281721332795,97.71295234126103,94.96726572652393,97.545654296875,822000
2020-11-03,98.89389557445406,100.99006917313898,98.36247159907826,100.32086944580078,921400
2020-11-04,98.43134519922573,98.43134519922573,93.30409829277497,94.1307601928711,1413700
2020-11-05,95.30186697277753,97.98850913094047,95.30186697277753,96.20726013183594,906700
2020-11-06,96.13835484970143,97.50627634855738,95.66597556927704,96.05962371826172,651700
2020-11-09,101.40338743791183,104.80843037832518,98.4707163171386,98.53960418701172,948200
2020-11-10,98.91356693293132,101.88559592250687,98.6183289336334,99.99609375,1187900
2020-11-11,101.50181535889404,101.97419476935981,97.17169954445245,97.27995300292969,1047500
2020-11-12,97.52596362712099,97.85072394062117,95.94153513688451,97.68342590332031,759500
2020-11-13,98.68720852134362,101.91510967234613,98.65768622553294,101.62971496582031,713400
2020-11-16,103.33224430088636,105.5366634103387,101.99384510737967,105.50714111328125,769000
2020-11-17,104.80842416997913,105.0347743051342,101.98400665605637,103.62748718261719,610900
2020-11-18,104.13921746488083,106.45188995443296,103.5684280395508,103.56842803955078,811000
2020-11-19,103.03701663237372,104.0900212127534,101.61005040479324,103.47987365722656,545600
2020-11-20,103.39130310727863,103.46019097928674,101.76751648019983,102.15132141113281,564500
2020-11-23,103.06655878353266,103.89321331577874,101.61006257329814,102.85005187988281,1057500
2020-11-24,104.34589221477283,107.72141278688467,102.80082930032015,105.82206726074219,1195900
2020-11-25,105.42842222340487,105.94016712586482,104.18844055373641,104.66081237792969,496700
2020-11-27,104.98556421751597,104.98556421751597,103.70620957294474,104.1785888671875,275600
2020-11-30,104.47383497224503,106.2747628700334,104.18844022144005,106.12714385986328,1180300
2020-12-01,107.76078786038677,109.1287095896468,106.50111957803641,107.00302124023438,789800
2020-12-02,106.18619786480073,106.5995250940852,104.21796438262913,105.1922378540039,511500
2020-12-03,105.52683134552827,107.15061780626233,105.30048121313813,106.07793426513672,639400
2020-12-04,106.51095387114518,109.33536399824314,106.06809685069034,107.22935485839844,655200
2020-12-07,106.88491438571965,108.37093269108982,106.70777308105158,108.10521697998047,614500
2020-12-08,106.96365714231027,108.38078022538096,106.62905352682759,107.85919952392578,454600
2020-12-09,108.25282617957605,109.40424080151477,107.56394756171882,107.95758819580078,764300
2020-12-10,106.99316541254079,107.40649261138536,106.00904874393127,106.98332214355469,387500
2020-12-11,106.86522615318114,107.7312536325913,106.35348878570508,106.92427825927734,494400
2020-12-14,107.87887659825888,108.04617463721239,103.47987369732769,103.58812713623047,604900
2020-12-15,104.7001702513829,104.9461994149604,103.75541916423101,104.22779846191406,727200
2020-12-16,104.74937293486681,104.90682768603682,103.72589077351356,104.54270935058594,626900
2020-12-17,104.8871565041313,106.18619020837066,104.66080636638772,105.30048370361328,565500
2020-12-18,105.01508608613653,105.64492013707493,103.97192484705998,104.88715362548828,1694700
2020-12-21,103.44051263415614,105.59573072847328,102.92876771737404,104.96589660644531,753400
2020-12-22,104.96590409754246,105.21193330364973,103.96210073202418,104.42463684082031,649000
2020-12-23,105.15286254882812,106.45189622647449,104.83794552116278,105.15286254882812,366100
2020-12-24,105.14302081097333,105.62524338239967,104.86746934628071,105.57603454589844,144500
2020-12-28,106.3338112525026,106.77666075927833,104.96588965541416,105.12334442138672,325600
2020-12-29,105.12334114669211,106.14682337238202,104.31636578715776,105.5268325805664,415000
2020-12-30,105.29064124610495,106.72745069457872,105.2611189470879,105.78269958496094,303200
2020-12-31,105.87127651374234,107.40649616493747,105.39889719356677,107.22935485839844,317700
2021-01-04,107.26873386276291,108.22332838377355,104.33606242234961,104.42463684082031,867000
2021-01-05,103.33225114974886,106.06809431220886,103.33225114974886,105.45794677734375,646500
2021-01-06,107.16047256140567,114.8759518040058,107.10142795889419,112.93724060058594,1538100
2021-01-07,113.30135062352728,114.70863777573524,110.88042449260863,112.99627685546875,816500
2021-01-08,112.78960999943703,112.83881883528478,110.32931837133346,111.7169189453125,856000
2021-01-11,110.70328198303713,112.4648517213662,110.67375968428422,111.21502685546875,475800
2021-01-12,111.55946359554171,112.37628221372478,110.38836238412779,111.77597045898438,456000
2021-01-13,112.31724308282865,112.57311554265364,110.58520299165258,110.97884368896484,441900
2021-01-14,111.76614134603604,112.33693087500328,109.80775107467892,110.21123504638672,938300
2021-01-15,109.41407735063393,109.57153209295454,107.36711314297253,108.43980407714844,687400
2021-01-19,109.58138916638306,111.10677300070103,109.22710656626036,109.9159927368164,502000
2021-01-20,110.18171274458066,110.56551768448948,109.21728251391268,110.21123504638672,366800
2021-01-21,110.49662058773335,111.10677563758412,109.06965439263902,109.35504913330078,428700
2021-01-22,109.04995258043974,109.6404285174305,107.67219541603048,109.24678039550781,412600
2021-01-25,108.94172249332848,109.23696052506061,107.4557115893979,108.53823852539062,366100
2021-01-26,109.2468026913363,109.34521286484782,106.73730197160998,107.08174133300781,426100
2021-01-27,104.75922702726659,105.25128541162805,101.86592883280754,102.84020233154297,1127000
2021-01-28,104.31638238791815,104.31638238791815,102.0037093743574,102.9681396484375,1127100
2021-01-29,102.15131779296856,102.64337614937358,98.5199247200708,99.3564224243164,1060900
2021-02-01,100.71449546621065,100.71449546621065,98.46087492012036,100.04530334472656,935200
2021-02-02,101.44275046565289,104.61160741684162,100.96052788040973,103.87351989746094,607100
2021-02-03,103.37161970768484,105.22175641215898,103.00749382347777,104.40493774414062,618400
2021-02-04,104.71001064417108,106.12713348186789,104.45413821877851,106.03856658935547,680200
2021-02-05,107.25886472489299,107.9575866007429,104.60175294302918,105.74332427978516,580600
2021-02-08,106.56999023115866,107.53442031913957,106.3338043434388,107.39664459228516,691100
2021-02-09,108.33155417060748,111.6184999208732,107.6623546005599,110.26042175292969,1040600
2021-02-10,110.6147206305564,110.78201867068377,107.73125834581754,108.9515609741211,591800
2021-02-11,109.67978419631557,113.36038542211703,109.1778901722444,113.17340087890625,769200
2021-02-12,112.69120728832287,113.62611516554281,111.91375418144278,113.07501220703125,513300
2021-02-16,112.74039555892246,114.22641373072253,110.74264005753112,111.43152618408203,583000
2021-02-17,110.88043561643218,111.2642405593374,108.77442631138793,111.0182113647461,572900
2021-02-18,110.00456815968604,111.38233309938055,107.98713334461094,110.72297668457031,944400
2021-02-19,111.56930858893199,112.11056824769123,110.46709522537424,110.62455749511719,389800
2021-02-22,110.52615024563785,114.32484151695937,109.95536823452754,113.91151428222656,808100
2021-02-23,113.90165805468978,114.86609566756484,112.33691619768894,114.38388061523438,565400
2021-02-24,114.97436512055629,118.43845287986566,114.21659099594115,117.84798431396484,809500
2021-02-25,118.10427786797497,118.7352183005701,115.63966445271174,116.03399658203125,517900
2021-02-26,116.23117943424866,116.38891079427044,113.39193973981817,113.45109558105469,701800
2021-03-01,115.33405277875033,115.96499324145582,113.46094498947933,113.54967498779297,716400
2021-03-02,113.53983118805377,114.3580848068954,112.54413258919823,112.9286117553711,556100
2021-03-03,113.07648047506203,115.16647572841094,112.43568689092714,113.44124603271484,459200
2021-03-04,113.93416091890614,114.72284030521122,110.25695399825956,111.28223419189453,678300
2021-03-05,111.93290249704732,114.5946824222982,110.5428566880043,113.88487243652344,624700
2021-03-08,115.41293489400212,118.28174897166359,115.01859518114564,116.57623291015625,710500
2021-03-09,117.03958800570756,119.98726417244688,116.07345603164794,119.92811584472656,839700
2021-03-10,120.76607759586557,123.21097782314271,119.80980622698787,122.9842300415039,731000
2021-03-11,122.77720432738954,125.20238345071677,122.56031710538876,123.28984069824219,776500
2021-03-12,123.33913868404117,124.95592480165595,123.33913868404117,124.67002868652344,480500
2021-03-15,124.2559673443838,124.69959480947188,122.46172884070091,124.09822845458984,511600
2021-03-16,123.97993491487743,123.97993491487743,121.89980026237988,122.76734161376953,388300
2021-03-17,123.31941767774555,123.96021879700142,121.88994462213262,123.5461654663086,413900
2021-03-18,123.79262170807932,125.63615553911619,122.51101952287013,122.85607147216797,550400
2021-03-19,122.37300121496699,122.61946259401047,119.71122132985907,121.62376403808594,981400
2021-03-22,120.64775680689705,121.55474028712376,119.28729286866219,121.44629669189453,593400
2021-03-23,120.92380884524113,121.96880263559602,119.6816414482317,120.07598114013672,448900
2021-03-24,120.34215530686005,122.86591728401794,120.01682449909718,121.55474853515625,483000
2021-03-25,122.0279538751363,124.93620259125687,120.04640232894351,124.36441040039062,542300
2021-03-26,124.49256370634185,126.91775016108188,122.10681949404426,126.7994384765625,524700
2021-03-29,126.00089790301678,127.17405633340663,124.78831227554467,125.56713104248047,548600
2021-03-30,125.56713870765684,126.67128832844968,125.3206773431284,126.3163833618164,453900
2021-03-31,126.9473314528606,127.86416056324359,125.59672038668644,127.44025421142578,620500
2021-04-01,128.1599215067676,129.3823754042435,127.1543548337279,128.11062622070312,570800
2021-04-05,129.79641987392674,131.2160397759884,128.89929687431714,130.80197143554688,660700
2021-04-06,129.76684752572515,131.8666882042855,129.76684752572515,130.09217834472656,650000
2021-04-07,129.92456984093252,130.19075233385166,128.54439217914486,129.58938598632812,554500
2021-04-08,129.6978368305444,131.08788265216495,128.2880849289472,130.89071655273438,550900
2021-04-09,131.63008024617795,133.25671911713505,130.66394093637632,133.19757080078125,481700
2021-04-12,133.34546001003014,134.26230416857393,132.1033000666061,132.52720642089844,1176800
2021-04-13,131.9554334342612,131.9554334342612,129.23449007752964,129.71755981445312,891200
2021-04-14,129.82600070946611,130.1513315406482,128.4951032221585,129.46124267578125,1184900
2021-04-15,129.39221955039275,132.1427218271426,128.93872400970432,132.0145721435547,833500
2021-04-16,133.18773689213953,133.19758993201143,131.3441955250851,131.88641357421875,669400
2021-04-19,132.3892099829353,132.62581836196662,130.7428494995556,131.82728576660156,628100
2021-04-20,131.82726070250473,132.27088816638238,129.6485355412448,131.3047637939453,419600
2021-04-21,131.65964956811902,133.7594899355803,130.9103974743414,133.54261779785156,433400
2021-04-22,134.06511427299233,135.3565692718602,133.04969476810513,133.2567138671875,567800
2021-04-23,133.62149370711302,135.8790883473056,133.43419569631172,135.1988525390625,437900
2021-04-26,135.46502985574855,136.57902500948882,134.005967727035,134.50875854492188,502300
2021-04-27,134.59745762625295,135.17910274306897,133.49331570378106,134.77491760253906,433800
2021-04-28,135.15941770553505,135.2875673853936,133.8285203260534,134.07498168945312,300100
2021-04-29,134.2130084604554,134.2130084604554,133.2271629406804,133.4539031982422,702500
2021-04-30,133.26661144391542,133.8876990343469,131.2259187140583,131.71884155273438,1008500
2021-05-03,133.08914869022738,134.30173449964065,131.8765628808141,133.8186798095703,1257100
2021-05-04,133.23701365960787,136.34243601849096,132.93140396065047,136.30299377441406,528200
2021-05-05,136.54947835115559,136.8551031448502,134.60736117761923,136.21429443359375,438300
2021-05-06,136.56918011651072,137.0325287192018,135.41574265113366,136.4903106689453,512700
2021-05-07,135.54388401323277,139.0732122085085,134.68618832059903,137.96905517578125,844300
2021-05-10,139.6647348783915,143.90387367956413,138.4521490845847,140.344970703125,1063500
2021-05-11,139.5858602909957,139.664729735882,136.4410107491435,138.15638732910156,507600
2021-05-12,137.8507781202948,138.70845889190815,133.27645560034276,133.4834747314453,574900
2021-05-13,133.29619343684902,137.7226306611098,133.24689814708805,137.09169006347656,455700
2021-05-14,138.08739065722887,138.69861007234945,136.23399624646453,136.4903106689453,636300
2021-05-17,136.1551262876174,137.44658152068206,135.49461158989763,137.13111877441406,373500
2021-05-18,137.0916683252259,137.28883441019525,133.60178198856346,133.6510772705078,545800
2021-05-19,133.08915785013554,134.68622293063788,131.43294443966056,134.5186309814453,713000
2021-05-20,134.81437208571992,135.3960173202764,133.82852658600717,134.69607543945312,585800
2021-05-21,135.3664479644228,137.41700848176035,135.3664479644228,136.5987548828125,520300
2021-05-24,137.33815593098345,137.99867071536843,136.59877168898092,137.67333984375,446700
2021-05-25,137.51560854951663,138.7281944289697,137.0522599127774,137.29872131347656,673400
2021-05-26,137.2691123760527,139.53654465385506,137.03250407590707,138.5014190673828,874800
2021-05-27,140.02189687652648,140.27859495962147,138.00775323421752,138.77786254882812,693500
2021-05-28,140.75252022884126,140.76240308351822,139.00495733299948,140.2786102294922,498400
2021-06-01,141.69049902455802,141.7694865501584,140.1700305864087,140.5254669189453,369200
2021-06-02,140.3576126690836,140.51558770744504,138.94573524488774,139.60723876953125,326200
2021-06-03,139.0642073105737,140.2292391812092,137.6424622671814,139.9231719970703,322800
2021-06-04,140.32799136720683,141.66086617967724,139.91331819897192,141.58187866210938,289500
2021-06-07,141.58186074162947,142.16439172679358,139.7553254745468,139.8836669921875,356500
2021-06-08,139.87381529895202,141.28569267808203,139.43939148998894,140.811767578125,309700
2021-06-09,140.29837146398324,140.78214928920013,139.67635418547192,139.72572326660156,375800
2021-06-10,140.30822322798687,140.69327791229165,138.7285032042445,139.468994140625,509800
2021-06-11,139.9527975355122,140.54519635544443,137.83006271718935,138.37307739257812,714900
2021-06-14,138.22499842522598,138.57056694742076,135.8653008404371,136.80325317382812,691700
2021-06-15,136.7045220526794,137.55361902438528,136.04300348438562,136.88223266601562,468200
2021-06-16,136.83284999486858,137.52397186474846,135.59869841818065,136.02325439453125,495500
2021-06-17,135.98376214947092,136.49717345780292,131.3828562152983,132.11346435546875,609300
2021-06-18,129.47729260007145,130.61270587532238,127.937074045172,128.03579711914062,1314300
2021-06-21,129.42795528071625,131.80740340734417,129.1218880652791,131.1360321044922,739800
2021-06-22,131.43219856892603,131.62967486906862,129.91173048898327,131.06689453125,844900
2021-06-23,131.74814912524928,131.84687221038996,129.6451500559746,130.237548828125,610000
2021-06-24,131.0076723921034,134.10786082967704,129.8228897847155,133.5253448486328,767500
2021-06-25,134.23620901444082,135.253148736379,133.7129148714299,135.10504150390625,818800
2021-06-28,134.89771428511503,136.21085342434128,130.9879153012639,132.2023162841797,754000
2021-06-29,132.2911928353932,133.00206541114372,129.773520385054,130.13882446289062,945400
2021-06-30,130.10918737874752,131.93573763678225,129.55628991359623,131.7283935546875,438900
2021-07-01,132.78484236089884,133.13039576447227,132.02460076851418,132.60711669921875,385200
2021-07-02,132.7848447578791,132.94280471349103,130.97804500237174,131.04714965820312,664200
2021-07-06,130.95831594091794,131.04717125534225,128.36165571810136,130.06973266601562,678800
2021-07-07,129.70440675900363,132.0838549351422,129.70440675900363,131.87652587890625,390700
2021-07-08,129.6747693415037,132.0640849583362,129.0132659119338,130.6226043701172,376200
2021-07-09,132.6564935037912,133.38711670601472,131.79752877405585,132.94281005859375,423800
2021-07-12,132.18256101831548,134.11770204503577,131.55067608189097,133.82150268554688,457100
2021-07-13,133.57468894009867,133.99924492318993,131.04714888136454,131.2051239013672,412200
2021-07-14,131.55069703361764,132.962559278412,130.6620988136263,131.21499633789062,417500
2021-07-15,130.22766398600518,131.71852868253978,130.22766398600518,130.96815490722656,713000
2021-07-16,131.68891242028803,131.69878020921604,129.83274365961114,130.3658905029297,484900
2021-07-19,128.36162552221177,128.59858803692967,125.73535501172452,126.93989562988281,625300
2021-07-20,127.16700719327963,131.5704524728731,126.9794137052318,130.5535125732422,557300
2021-07-21,131.74814954676717,132.932932029532,131.26435671245224,131.99497985839844,333600
2021-07-22,132.02458914524567,132.1430628657175,130.02032835886058,130.60284423828125,224300
2021-07-23,131.9949872473862,132.27143600666253,130.69171589766,132.2023162841797,202500
2021-07-26,132.51824736586235,133.00204015801836,131.1458715553977,131.61978149414062,263800
2021-07-27,130.80031563404782,132.61699819275643,130.1289444120563,131.96536254882812,370000
2021-07-28,132.08383360593183,134.1078451506377,130.6423530394926,133.39697265625,413700
2021-07-29,135.02859642502483,135.8196860390884,133.53541081767526,134.99893188476562,575100
2021-07-30,134.6824847887513,135.29558713752056,133.39696610177043,133.74307250976562,403400
2021-08-02,134.40562491991983,136.9865458131032,132.37846228770164,132.4081268310547,1007700
2021-08-03,131.58738788997834,131.70604606358003,127.46383529194797,128.01760864257812,1039900
2021-08-04,126.58374523598167,128.09669722411363,125.20924035034402,127.26605987548828,680400
2021-08-05,128.48235464514187,129.44154842540772,126.95951946701801,127.30562591552734,373000
2021-08-06,128.10660675923174,128.8086877626708,126.94964425975411,127.4539566040039,604800
2021-08-09,127.57261268172891,129.84698994691936,126.58375431327926,128.90757751464844,630500
2021-08-10,128.8976950043534,131.0039530792612,128.20548207196902,130.25242614746094,497400
2021-08-11,131.09294221226335,134.8011605583159,130.59851309945637,134.63304138183594,773700
2021-08-12,135.01869461229794,138.04461343766445,134.4847178129856,138.0050506591797,1157800
2021-08-13,138.44015111361415,138.51926158204685,136.14599279540317,136.5316619873047,804500
2021-08-16,136.11636029715177,137.26343972627572,134.3166457551934,136.6009063720703,497900
2021-08-17,135.7010089890846,135.75045491772502,133.13986982656797,134.2375030517578,724500
2021-08-18,133.45633410581777,134.98905252955748,132.34880245568078,132.41802978515625,462400
2021-08-19,131.04350561113796,132.23013254858517,130.05464731513524,130.46006774902344,453800
2021-08-20,130.321639630826,131.47861721683574,129.57999584372217,131.2709503173828,416300
2021-08-23,131.65658515809585,132.21034335697908,130.6182809908002,131.4588165283203,462600
2021-08-24,131.52802866706088,133.1200910321294,131.4785978262359,133.03109741210938,323900
2021-08-25,133.54533776610708,134.3561938554725,133.149785329651,133.8815460205078,311100
2021-08-26,133.74309718963408,133.75298034156842,131.9928136152325,132.19058227539062,274000
2021-08-27,132.41802024453636,134.7714927678509,132.34879292004868,134.49461364746094,284400
2021-08-30,134.65284510052624,134.68250964511157,133.59477446982578,133.86175537109375,352100
2021-08-31,133.7925222656387,134.39572639277603,132.84321172060416,133.45631408691406,389600
2021-09-01,133.8815427393603,134.08920964950812,132.0917113885114,133.21900939941406,470500
2021-09-02,134.0892000379986,135.23626427143117,133.6046540082408,134.77149963378906,313400
2021-09-03,135.0780500970165,136.16578517601522,134.41550175650914,135.57247924804688,343000
2021-09-07,135.34502008531217,135.66146195912646,131.7950226878403,131.81480407714844,587200
2021-09-08,131.56759065299192,134.41549209791697,131.15227200662326,134.30673217773438,498000
2021-09-09,134.3561606689423,135.9877857748381,133.8913961013943,134.03973388671875,404700
2021-09-10,134.33642054646927,135.09783065548294,131.64672447392834,131.83460998535156,444600
2021-09-13,133.12010029676284,134.0298481274341,131.9235901964764,133.05088806152344,353800
2021-09-14,133.97052702216214,134.01997295815247,131.4588334149354,131.52804565429688,467300
2021-09-15,131.21162235008225,134.72207265680055,130.984189144952,134.4847412109375,571600
2021-09-16,134.12875614015084,135.26593729319046,132.1213747448521,132.2004852294922,529200
2021-09-17,131.10285569854767,132.2894828261032,128.84825962955736,129.09547424316406,1176300
2021-09-20,126.79141594972045,127.98792607618928,124.41815445501892,126.4552001953125,571900
2021-09-21,126.94963063591753,127.21661150721978,124.9620233834892,125.32789611816406,449500
2021-09-22,126.92986717972968,129.52067140733055,126.32666294100024,129.0855712890625,566200
2021-09-23,129.79753345808763,133.53541657983166,129.65909390131117,133.3079833984375,722200
2021-09-24,132.6553471515996,135.23626815633136,132.6553471515996,134.4847412109375,555800
2021-09-27,135.42414616435315,137.33265059994207,134.48473376244516,136.7294464111328,587700
2021-09-28,136.95688901712637,137.18432222529228,133.90132016866562,134.55397033691406,605300
2021-09-29,134.86049198220226,136.0471188558128,133.70352964877353,134.90003967285156,532800
2021-09-30,135.21649062346316,135.21649062346316,131.0533905029297,131.0533905029297,823400
2021-10-01,131.9928072789037,134.01008674650888,130.4106429848092,133.15966796875,639000
2021-10-04,132.8036846768569,134.85061369617327,128.82846972772714,129.8964385986328,826800
2021-10-05,130.1535175387285,131.93346539967575,128.91744473095673,130.80616760253906,460900
2021-10-06,128.68999350132262,131.33024283758814,127.89890399759898,130.7666015625,539800
2021-10-07,131.95325559693805,134.35617405301983,131.95325559693805,133.34754943847656,375500
2021-10-08,133.19921301760144,134.45506731198415,132.73444839894282,133.84197998046875,285100
2021-10-11,133.97052058339878,134.9198312069317,132.49713134765625,132.49713134765625,367700
2021-10-12,132.6652372436934,133.41676414292655,131.2116142907285,131.51815795898438,476000
2021-10-13,131.54782481454194,132.40812674880837,130.0447559008695,131.78515625,357900
2021-10-14,133.16184747334034,133.66697089588837,132.20113971928998,133.19155883789062,566100
2021-10-15,134.4493721981369,134.69697693515005,132.458635553085,132.67652893066406,522100
2021-10-18,131.66628329808276,133.06277749258567,131.03241584358807,132.78546142578125,563800
2021-10-19,133.48865068355212,133.82538946373782,132.29025234448181,132.53785705566406,462100
2021-10-20,132.91421023541238,135.77652018467484,132.91421023541238,135.10304260253906,605900
2021-10-21,135.02381993235127,135.61806224652517,134.15224640311658,135.5586395263672,383900
2021-10-22,136.03404650194753,136.76694684035806,135.32094366113097,135.61805725097656,356500
2021-10-25,135.82604697102778,138.00496552256612,135.20207822969988,137.806884765625,677700
2021-10-26,138.5595934236256,138.81711200105906,136.84617301554619,136.94522094726562,394100
2021-10-27,136.6877123349233,136.73723630439352,134.5385050507406,134.6969757080078,425600
2021-10-28,135.33085109404442,140.30275868861767,135.33085109404442,137.945556640625,488100
2021-10-29,137.66825270997813,139.69861485519843,137.61872873324674,139.07464599609375,454700
2021-11-01,139.9858311943973,140.92672631168526,138.79733130347583,139.36187744140625,456700
2021-11-02,140.07494636956721,140.12447034012519,137.6385241890924,139.28262329101562,513000
2021-11-03,139.2331069593828,139.94620985927835,137.31169165203067,139.79763793945312,362400
2021-11-04,139.93629209569622,141.56057863070825,139.39157374264144,140.3918914794922,305000
2021-11-05,141.6299084237328,143.60084755491846,140.83757024919316,141.26345825195312,592100
2021-11-08,142.60052770337384,144.70022632347224,141.74876673309691,143.60086059570312,729000
2021-11-09,143.2740144206286,144.8883870943864,142.9174629804709,143.1254425048828,391100
2021-11-10,143.3829639426413,144.52193975619141,142.86794182723153,144.1257781982422,609300
2021-11-11,144.53184363698944,144.80917487251355,142.93728348644615,143.214599609375,386400
2021-11-12,143.94748281220342,144.16537618452884,142.38261909849973,144.02671813964844,461000
2021-11-15,144.82896365367515,146.21555929744238,143.7593093385156,144.04653930664062,443300
2021-11-16,144.7101240938231,146.40374727314887,144.35357264094372,145.79959106445312,363300
2021-11-17,145.35387162658063,145.64110156925565,143.13534297327672,144.01681518554688,599400
2021-11-18,144.44271089100687,146.4928855823286,143.24431230135312,145.8094940185547,609400
2021-11-19,146.27497187282012,147.43376018905448,144.91810279624193,145.0171356201172,656100
2021-11-22,145.58168458809868,147.29510511285037,144.92800446446154,145.16571044921875,885900
2021-11-23,142.91747481283286,143.25421366958471,138.173359004834,142.62034606933594,1443700
2021-11-24,142.98678344628857,148.11716162625072,141.92704299520207,147.02769470214844,932000
2021-11-26,143.65036397057173,145.33408834728684,142.6995702011694,144.33375549316406,512800
2021-11-29,145.60147592586193,146.7305528586529,143.68997471764453,144.69029235839844,554000
2021-11-30,143.56122298738063,144.50211796216718,140.7088267036925,141.19412231445312,944900
2021-12-01,143.26408670240906,143.46218257091058,137.22254052793633,137.45033264160156,665600
2021-12-02,137.4206317082861,141.6695224283198,136.7966629228778,140.66920471191406,537300
2021-12-03,141.18422824779543,141.93694123006898,138.86665146775283,140.53054809570312,442800
2021-12-06,142.42225099450872,143.00659456013895,139.37175875155563,139.9957275390625,871900
2021-12-07,141.5803776040604,143.69987342866392,140.88708740210467,142.135009765625,565900
2021-12-08,141.97657475969555,143.51171217438204,141.4417400175637,143.10565185546875,352000
2021-12-09,142.8283201981133,142.8382189468556,140.76824701520306,140.79795837402344,387800
2021-12-10,141.6299023539639,142.96697391073434,141.25353833685364,142.06568908691406,379900
2021-12-13,142.11522602907985,142.57081030050836,138.47047629467983,139.54013061523438,549200
2021-12-14,139.22320659399537,140.58997454243726,137.87623614455785,138.90626525878906,450200
2021-12-15,138.87655784021388,139.67879483791165,136.87590716456347,138.73789978027344,368500
2021-12-16,139.5698436560462,140.8474926290036,136.1529011288208,136.84619140625,820600
2021-12-17,136.44010580350408,136.88580641027323,133.55799821445152,134.23147583007812,1603400
2021-12-20,131.8346586085558,132.5081361974438,129.06148270337368,131.55734252929688,957200
2021-12-21,132.71613618014007,133.94426108980338,132.1218787790722,132.95384216308594,643600
2021-12-22,133.2113572488603,133.63723017040596,131.85448803707698,133.3004913330078,550500
2021-12-23,133.51836988197942,136.57876066491912,133.51836988197942,136.03404235839844,365700
2021-12-27,136.67781589608387,137.67813360087646,135.56855150165296,137.64842224121094,337900
2021-12-28,137.77719732980654,139.19348934480803,137.31169915824486,138.85675048828125,325600
2021-12-29,138.85672890136243,139.86696042648597,136.91551629044315,136.9254150390625,418700
2021-12-30,137.66823207647352,138.59922829414236,136.92541787462204,137.49986267089844,253900
2021-12-31,137.7870799219812,138.67846604734524,136.97494423897186,137.89602661132812,243800
2022-01-03,138.18325306358605,139.99572151530447,137.16312277677198,138.24267578125,514000
2022-01-04,139.02509826703297,141.79827425164166,137.9059351696101,141.18421936035156,643500
2022-01-05,141.4219241692387,142.44206965587335,137.5592960648737,137.73757934570312,542000
2022-01-06,138.65864173929094,138.7874010283642,137.20272479202097,137.54937744140625,388600
2022-01-07,137.25227700024507,137.88614460269397,135.30115021671105,135.87559509277344,513200
2022-01-10,135.55864529645433,135.55864529645433,131.54746038911244,132.2704620361328,701600
2022-01-11,132.04266586185673,132.89441167781897,129.80430929170416,132.8647003173828,604800
2022-01-12,133.21137880593255,134.03342853326524,130.88388770368965,131.0423583984375,1000200
2022-01-13,131.29983408190358,134.4493587680614,131.29983408190358,132.89439392089844,413900
2022-01-14,131.6761957343468,132.67652854100206,130.40846069357028,131.646484375,352700
2022-01-18,130.269797059701,130.73529515296522,126.56563247946336,128.36819458007812,627500
2022-01-19,129.10111641832898,129.84393063221444,127.61548799055808,127.74423217773438,428000
2022-01-20,128.29886653114374,130.31932968995525,125.15924777077784,125.31771087646484,616900
2022-01-21,125.00077561488557,127.58577725260162,123.91131627380517,126.7340087890625,823900
2022-01-24,124.91165406462962,131.6167877490668,123.93113375864236,130.86407470703125,1257400
2022-01-25,127.82346404579307,129.18033313704828,123.97073503194711,125.96147918701172,933400
2022-01-26,126.78352335900398,128.48704514870988,122.80204253586317,124.4758529663086,546100
2022-01-27,126.24870964177431,127.76404948479572,124.17873002704842,125.28800201416016,726500
2022-01-28,124.75316953831738,126.95189325126984,122.90108338892787,126.87267303466797,449200
2022-01-31,126.43689423774471,129.0317872036891,125.97139609479511,128.9327392578125,506600
2022-02-01,129.44776217062477,129.69536692424592,127.69471628346038,128.86341857910156,612000
2022-02-02,128.7346460822749,131.34935140813303,127.76403977904549,130.3589324951172,855100
2022-02-03,129.77460434152349,130.3292365805204,127.42731607555619,127.71453094482422,505400
2022-02-04,126.5161139970857,127.457016529198,125.33752059008584,126.44678497314453,1019100
2022-02-07,127.18960503018556,128.00175585697528,125.90206487546673,126.83305358886719,734900
2022-02-08,126.78352833369209,128.13049875253026,122.65348299589864,123.04965209960938,1021900
2022-02-09,122.86147993989708,127.18960613271761,122.68320421769252,126.51612091064453,801500
2022-02-10,123.97073544308364,126.59534711436517,122.58414743218994,123.1585922241211,815600
2022-02-11,123.14870021562824,123.49535292581777,119.01865461862128,120.31610870361328,1273400
2022-02-14,120.5141879465399,120.64293970025173,117.43398415684761,119.51386260986328,1276700
2022-02-15,120.95987085487577,122.62377509232982,120.64293707423201,122.61387634277344,780800
2022-02-16,122.65349103189943,122.67330364434649,119.14741425853613,120.494384765625,709400
2022-02-17,119.39500852243918,120.13782274164234,118.00842046866724,118.55314636230469,863100
2022-02-18,118.55314800665235,119.5336682301343,117.61225300513016,118.50363159179688,787500
2022-02-22,118.5333452438222,119.7614626779215,117.52312119693187,118.38478088378906,716900
2022-02-23,118.98893149128912,119.01864285064248,116.14642639783325,116.3841323852539,706200
2022-02-24,113.97269853423276,118.6665710098791,113.23835326158233,118.49787139892578,633400
2022-02-25,118.48793527968239,122.44745456449519,117.8627428439487,122.25890350341797,688500
2022-02-28,120.60167527735815,122.29861230016411,119.30168431411815,122.0604476928711,974300
2022-03-01,122.08029169759487,123.31082524045708,120.74060537009325,122.07037353515625,912500
2022-03-02,122.87417813814281,126.10927815595238,122.83448277687394,125.54363250732422,793800
2022-03-03,126.57569380407116,127.5085159001258,125.30546491048166,126.85355377197266,616200
2022-03-04,125.63293959532905,127.16117691230458,125.08714542069801,126.98255157470703,585100
2022-03-07,127.23065571316795,127.23065571316795,121.88182105580854,121.92151641845703,810100
2022-03-08,121.91159414556871,123.82685191380531,120.20473135881488,120.65129852294922,1278800
2022-03-09,122.32837581494915,126.24820754694014,122.32837581494915,124.67034912109375,595200
2022-03-10,122.79478514261102,123.90623252421747,122.08028379522943,123.6680679321289,954100
2022-03-11,124.59096804465472,125.6825639937356,123.23143029657419,124.07493591308594,639700
2022-03-14,125.28561945103486,127.74667133983209,124.74974341772025,125.87110900878906,817600
2022-03-15,127.0222615964058,131.92452942764947,126.70470624525946,130.20774841308594,1377900
2022-03-16,131.05122699170943,135.9237244651985,131.00160589972594,134.64356994628906,1485200
2022-03-17,133.50236709575256,137.06494059848302,133.1748860432625,136.9756317138672,873700
2022-03-18,138.49394245500295,140.20080512517876,136.6481498066608,140.14126586914062,1939000
2022-03-21,139.89319382585865,140.91532490073172,138.36494872404478,138.82144165039062,896800
2022-03-22,138.63287569689012,140.10156623525762,137.03517333924813,137.233642578125,539900
2022-03-23,136.64814412344893,136.64814412344893,134.3657101694445,134.65350341796875,789300
2022-03-24,134.73290592179242,137.7397596275263,134.4550459527118,137.56112670898438,375300
2022-03-25,137.9679916758215,137.9679916758215,135.58633058944102,136.8267822265625,431000
2022-03-28,136.47944073325309,137.77943154068205,136.0031115757577,137.4916534423828,365700
2022-03-29,138.9305760838964,139.49622926908035,137.0351624474735,137.69012451171875,426700
2022-03-30,137.65044401378998,139.32752190871602,137.45195963794518,138.47409057617188,427500
2022-03-31,138.4046323596819,139.46645108161067,136.7275393322024,136.75730895996094,623700
2022-04-01,137.05502160319514,138.70234501762087,136.77716164681394,138.5137939453125,489400
2022-04-04,139.00996246068934,139.68476082661095,137.34278772578364,138.85118103027344,477800
2022-04-05,138.9404893099645,140.8061332537641,138.13667914250252,138.78172302246094,682700
2022-04-06,137.65042744418488,140.87560131441927,137.03515320914678,139.93284606933594,777300
2022-04-07,139.1191417566912,143.66415861156082,138.9008210456802,142.52293395996094,1061300
2022-04-08,142.89011720477714,144.12063559607643,142.0168343653524,142.44354248046875,959200
2022-04-11,142.57253109375193,143.64428300160876,141.14352854994283,141.6000213623047,756200
2022-04-12,141.6297989859162,142.47331210634812,138.63286376739828,139.21835327148438,680800
2022-04-13,139.17866452408197,142.35421747764693,139.17866452408197,142.34429931640625,507900
2022-04-14,143.08858164240925,144.66643251246416,142.72141279826909,143.55499267578125,651600
